buy-in date,sell-by date,shareholding,stock selection results,date of selection,whether stock selection date,position yield,index yield
2008-3-3,2008-3-31,长征电气(sh600112) 时代新材(sh600458) 威远生化(sh600803) 深天地Ａ(sz000023) 华神集团(sz000790) 中航精机(sz002013) 东信和平(sz002017) 众和股份(sz002070) 天康生物(sz002100) 科陆电子(sz002121) ,浙江富润(sh600070) 新华光(sh600184) 凤竹纺织(sh600493) 洪城股份(sh600566) 深天地Ａ(sz000023) 天兴仪表(sz000710) 中汇医药(sz000809) 中航精机(sz002013) 轴研科技(sz002046) 梅花伞(sz002174) ,2008-2-29,TRUE,-0.175358287,-0.189113391
2008-4-1,2008-4-30,浙江富润(sh600070) 新华光(sh600184) 凤竹纺织(sh600493) 洪城股份(sh600566) 深天地Ａ(sz000023) 天兴仪表(sz000710) 中汇医药(sz000809) 中航精机(sz002013) 轴研科技(sz002046) 梅花伞(sz002174) ,浙江富润(sh600070) 联环药业(sh600513) 宁波富邦(sh600768) 世纪光华(sz000703) 华润锦华(sz000810) 京新药业(sz002020) 江苏宏宝(sz002071) 沧州明珠(sz002108) 莱茵生物(sz002166) 新嘉联(sz002188) ,2008-3-31,TRUE,-0.131908076,0.04447663
2008-5-5,2008-5-30,浙江富润(sh600070) 联环药业(sh600513) 宁波富邦(sh600768) 世纪光华(sz000703) 华润锦华(sz000810) 京新药业(sz002020) 江苏宏宝(sz002071) 沧州明珠(sz002108) 莱茵生物(sz002166) 新嘉联(sz002188) ,宝光股份(sh600379) 凤竹纺织(sh600493) 宁波富邦(sh600768) 博盈投资(sz000760) 华润锦华(sz000810) 京新药业(sz002020) 飞亚股份(sz002042) 晶源电子(sz002049) 得润电子(sz002055) 新嘉联(sz002188) ,2008-4-30,TRUE,-0.025840632,-0.087845279
2008-6-2,2008-6-30,宝光股份(sh600379) 凤竹纺织(sh600493) 宁波富邦(sh600768) 博盈投资(sz000760) 华润锦华(sz000810) 京新药业(sz002020) 飞亚股份(sz002042) 晶源电子(sz002049) 得润电子(sz002055) 新嘉联(sz002188) ,宝光股份(sh600379) 凤竹纺织(sh600493) 联环药业(sh600513) 宁波富邦(sh600768) 武汉塑料(sz000665) 博盈投资(sz000760) 华润锦华(sz000810) 飞亚股份(sz002042) 晶源电子(sz002049) 新嘉联(sz002188) ,2008-5-30,TRUE,-0.226901056,-0.226927475
2008-7-1,2008-7-31,宝光股份(sh600379) 凤竹纺织(sh600493) 联环药业(sh600513) 宁波富邦(sh600768) 武汉塑料(sz000665) 博盈投资(sz000760) 华润锦华(sz000810) 飞亚股份(sz002042) 晶源电子(sz002049) 新嘉联(sz002188) ,旭光股份(sh600353) 凤竹纺织(sh600493) 联环药业(sh600513) 宁波富邦(sh600768) 金德发展(sz000639) 华润锦华(sz000810) 江苏琼花(sz002002) 飞亚股份(sz002042) 晶源电子(sz002049) 新嘉联(sz002188) ,2008-6-30,TRUE,0.080089308,0.004796154
2008-8-1,2008-8-29,旭光股份(sh600353) 凤竹纺织(sh600493) 联环药业(sh600513) 宁波富邦(sh600768) 金德发展(sz000639) 华润锦华(sz000810) 江苏琼花(sz002002) 飞亚股份(sz002042) 晶源电子(sz002049) 新嘉联(sz002188) ,凤竹纺织(sh600493) 联环药业(sh600513) 华阳科技(sh600532) 天目药业(sh600671) 金德发展(sz000639) 华润锦华(sz000810) 京新药业(sz002020) 飞亚股份(sz002042) 广东鸿图(sz002101) 沧州明珠(sz002108) ,2008-7-31,TRUE,-0.140616772,-0.147429248
2008-9-1,2008-9-26,凤竹纺织(sh600493) 联环药业(sh600513) 华阳科技(sh600532) 天目药业(sh600671) 金德发展(sz000639) 华润锦华(sz000810) 京新药业(sz002020) 飞亚股份(sz002042) 广东鸿图(sz002101) 沧州明珠(sz002108) ,凤竹纺织(sh600493) 联环药业(sh600513) 华阳科技(sh600532) 天目药业(sh600671) 宁波富邦(sh600768) 德赛电池(sz000049) 汇源通信(sz000586) 飞亚股份(sz002042) 广东鸿图(sz002101) 特尔佳(sz002213) ,2008-8-29,TRUE,-0.109156966,-0.061873861
2008-10-6,2008-10-31,凤竹纺织(sh600493) 联环药业(sh600513) 华阳科技(sh600532) 天目药业(sh600671) 宁波富邦(sh600768) 德赛电池(sz000049) 汇源通信(sz000586) 飞亚股份(sz002042) 广东鸿图(sz002101) 特尔佳(sz002213) ,浙江富润(sh600070) 联环药业(sh600513) 华阳科技(sh600532) 天目药业(sh600671) 西藏旅游(sh600749) 汇源通信(sz000586) 京新药业(sz002020) 江苏宏宝(sz002071) 德棉股份(sz002072) 广东鸿图(sz002101) ,2008-9-26,TRUE,-0.167752524,-0.258506191
2008-11-3,2008-11-28,浙江富润(sh600070) 联环药业(sh600513) 华阳科技(sh600532) 天目药业(sh600671) 西藏旅游(sh600749) 汇源通信(sz000586) 京新药业(sz002020) 江苏宏宝(sz002071) 德棉股份(sz002072) 广东鸿图(sz002101) ,浙江富润(sh600070) 凤竹纺织(sh600493) 华阳科技(sh600532) 华润锦华(sz000810) 京新药业(sz002020) 飞亚股份(sz002042) 得润电子(sz002055) 江苏宏宝(sz002071) 德棉股份(sz002072) 广东鸿图(sz002101) ,2008-10-31,TRUE,0.266521066,0.099936285
2008-12-1,2008-12-31,浙江富润(sh600070) 凤竹纺织(sh600493) 华阳科技(sh600532) 华润锦华(sz000810) 京新药业(sz002020) 飞亚股份(sz002042) 得润电子(sz002055) 江苏宏宝(sz002071) 德棉股份(sz002072) 广东鸿图(sz002101) ,浙江富润(sh600070) 凤竹纺织(sh600493) 联环药业(sh600513) 西藏旅游(sh600749) 华润锦华(sz000810) 得润电子(sz002055) 江苏宏宝(sz002071) 广东鸿图(sz002101) 湘潭电化(sz002125) 宏达经编(sz002144) ,2008-11-28,TRUE,0.139732226,-0.006666958
2009-1-5,2009-1-23,浙江富润(sh600070) 凤竹纺织(sh600493) 联环药业(sh600513) 西藏旅游(sh600749) 华润锦华(sz000810) 得润电子(sz002055) 江苏宏宝(sz002071) 广东鸿图(sz002101) 湘潭电化(sz002125) 宏达经编(sz002144) ,浙江富润(sh600070) 凤竹纺织(sh600493) 联环药业(sh600513) 华阳科技(sh600532) 天目药业(sh600671) 西藏旅游(sh600749) 华润锦华(sz000810) 京新药业(sz002020) 江苏宏宝(sz002071) 德棉股份(sz002072) ,2008-12-31,TRUE,0.156821942,0.118258038
2009-2-2,2009-2-27,浙江富润(sh600070) 凤竹纺织(sh600493) 联环药业(sh600513) 华阳科技(sh600532) 天目药业(sh600671) 西藏旅游(sh600749) 华润锦华(sz000810) 京新药业(sz002020) 江苏宏宝(sz002071) 德棉股份(sz002072) ,凤竹纺织(sh600493) 联环药业(sh600513) 天目药业(sh600671) 湖北金环(sz000615) 华润锦华(sz000810) 京新药业(sz002020) 华孚色纺(sz002042) 得润电子(sz002055) 江苏宏宝(sz002071) 宏达经编(sz002144) ,2009-1-23,TRUE,0.122297964,0.053038353
2009-3-2,2009-3-31,凤竹纺织(sh600493) 联环药业(sh600513) 天目药业(sh600671) 湖北金环(sz000615) 华润锦华(sz000810) 京新药业(sz002020) 华孚色纺(sz002042) 得润电子(sz002055) 江苏宏宝(sz002071) 宏达经编(sz002144) ,凤竹纺织(sh600493) 联环药业(sh600513) 广州浪奇(sz000523) 汇源通信(sz000586) 湖北金环(sz000615) 华润锦华(sz000810) 山东威达(sz002026) 得润电子(sz002055) 江苏宏宝(sz002071) 宏达经编(sz002144) ,2009-2-27,TRUE,0.268062737,0.171596223
2009-4-1,2009-4-30,凤竹纺织(sh600493) 联环药业(sh600513) 广州浪奇(sz000523) 汇源通信(sz000586) 湖北金环(sz000615) 华润锦华(sz000810) 山东威达(sz002026) 得润电子(sz002055) 江苏宏宝(sz002071) 宏达经编(sz002144) ,浙江富润(sh600070) 凤竹纺织(sh600493) 洪城股份(sh600566) 宁波富邦(sh600768) 武汉塑料(sz000665) 金宇车城(sz000803) 京新药业(sz002020) 天润发展(sz002113) 蓉胜超微(sz002141) 广陆数测(sz002175) ,2009-3-31,TRUE,0.124699078,0.045912935
2009-5-4,2009-5-27,浙江富润(sh600070) 凤竹纺织(sh600493) 洪城股份(sh600566) 宁波富邦(sh600768) 武汉塑料(sz000665) 金宇车城(sz000803) 京新药业(sz002020) 天润发展(sz002113) 蓉胜超微(sz002141) 广陆数测(sz002175) ,浪莎股份(sh600137) 凤竹纺织(sh600493) 联环药业(sh600513) 宁波富邦(sh600768) 武汉塑料(sz000665) 华润锦华(sz000810) 得润电子(sz002055) 江苏宏宝(sz002071) 蓉胜超微(sz002141) 新嘉联(sz002188) ,2009-4-30,TRUE,0.085602457,0.052147789
2009-6-1,2009-6-30,浪莎股份(sh600137) 凤竹纺织(sh600493) 联环药业(sh600513) 宁波富邦(sh600768) 武汉塑料(sz000665) 华润锦华(sz000810) 得润电子(sz002055) 江苏宏宝(sz002071) 蓉胜超微(sz002141) 新嘉联(sz002188) ,凤竹纺织(sh600493) 联环药业(sh600513) 宁波富邦(sh600768) 武汉塑料(sz000665) 华润锦华(sz000810) 得润电子(sz002055) 江苏宏宝(sz002071) 蓉胜超微(sz002141) 宏达经编(sz002144) 新嘉联(sz002188) ,2009-5-27,TRUE,0.079405632,0.147392298
2009-7-1,2009-7-31,凤竹纺织(sh600493) 联环药业(sh600513) 宁波富邦(sh600768) 武汉塑料(sz000665) 华润锦华(sz000810) 得润电子(sz002055) 江苏宏宝(sz002071) 蓉胜超微(sz002141) 宏达经编(sz002144) 新嘉联(sz002188) ,凤竹纺织(sh600493) 联环药业(sh600513) 宁波富邦(sh600768) 华润锦华(sz000810) 得润电子(sz002055) 新海股份(sz002120) 银轮股份(sz002126) 宏达经编(sz002144) 新嘉联(sz002188) 三力士(sz002224) ,2009-6-30,TRUE,0.147587642,0.179426933
2009-8-3,2009-8-31,凤竹纺织(sh600493) 联环药业(sh600513) 宁波富邦(sh600768) 华润锦华(sz000810) 得润电子(sz002055) 新海股份(sz002120) 银轮股份(sz002126) 宏达经编(sz002144) 新嘉联(sz002188) 三力士(sz002224) ,冠豪高新(sh600433) 凤竹纺织(sh600493) 联环药业(sh600513) 宁波富邦(sh600768) 兔宝宝(sz002043) 江苏三友(sz002044) 冠福家用(sz002102) 湘潭电化(sz002125) 宏达经编(sz002144) 特尔佳(sz002213) ,2009-7-31,TRUE,-0.094347368,-0.242153151
2009-9-1,2009-9-30,冠豪高新(sh600433) 凤竹纺织(sh600493) 联环药业(sh600513) 宁波富邦(sh600768) 兔宝宝(sz002043) 江苏三友(sz002044) 冠福家用(sz002102) 湘潭电化(sz002125) 宏达经编(sz002144) 特尔佳(sz002213) ,凤竹纺织(sh600493) 联环药业(sh600513) 华阳科技(sh600532) 宁波富邦(sh600768) 华润锦华(sz000810) 兔宝宝(sz002043) 江苏三友(sz002044) 广东鸿图(sz002101) 宏达经编(sz002144) 特尔佳(sz002213) ,2009-8-31,TRUE,0.034092931,0.061665495
2009-10-9,2009-10-30,凤竹纺织(sh600493) 联环药业(sh600513) 华阳科技(sh600532) 宁波富邦(sh600768) 华润锦华(sz000810) 兔宝宝(sz002043) 江苏三友(sz002044) 广东鸿图(sz002101) 宏达经编(sz002144) 特尔佳(sz002213) ,东睦股份(sh600114) 冠豪高新(sh600433) 华阳科技(sh600532) 山东威达(sz002026) 兔宝宝(sz002043) 江苏宏宝(sz002071) 蓉胜超微(sz002141) 梅花伞(sz002174) 新嘉联(sz002188) 特尔佳(sz002213) ,2009-9-30,TRUE,0.145255356,0.091709931
2009-11-2,2009-11-30,东睦股份(sh600114) 冠豪高新(sh600433) 华阳科技(sh600532) 山东威达(sz002026) 兔宝宝(sz002043) 江苏宏宝(sz002071) 蓉胜超微(sz002141) 梅花伞(sz002174) 新嘉联(sz002188) 特尔佳(sz002213) ,冠豪高新(sh600433) 华阳科技(sh600532) 宁波富邦(sh600768) 山东威达(sz002026) 兔宝宝(sz002043) 江苏宏宝(sz002071) 湘潭电化(sz002125) 蓉胜超微(sz002141) 宏达经编(sz002144) 特尔佳(sz002213) ,2009-10-30,TRUE,0.183911532,0.070510339
2009-12-1,2009-12-31,冠豪高新(sh600433) 华阳科技(sh600532) 宁波富邦(sh600768) 山东威达(sz002026) 兔宝宝(sz002043) 江苏宏宝(sz002071) 湘潭电化(sz002125) 蓉胜超微(sz002141) 宏达经编(sz002144) 特尔佳(sz002213) ,东睦股份(sh600114) 凤竹纺织(sh600493) 华阳科技(sh600532) 力诺太阳(sh600885) 世纪光华(sz000703) 华润锦华(sz000810) 兔宝宝(sz002043) 蓉胜超微(sz002141) 宏达经编(sz002144) 特尔佳(sz002213) ,2009-11-30,TRUE,0.091625238,0.018227795
2010-1-4,2010-1-29,东睦股份(sh600114) 凤竹纺织(sh600493) 华阳科技(sh600532) 力诺太阳(sh600885) 世纪光华(sz000703) 华润锦华(sz000810) 兔宝宝(sz002043) 蓉胜超微(sz002141) 宏达经编(sz002144) 特尔佳(sz002213) ,华阳科技(sh600532) 宁波富邦(sh600768) 力诺太阳(sh600885) 华润锦华(sz000810) 兔宝宝(sz002043) 江苏宏宝(sz002071) 天润发展(sz002113) 蓉胜超微(sz002141) 宏达经编(sz002144) 特尔佳(sz002213) ,2009-12-31,TRUE,-0.003128108,-0.103901915
2010-2-1,2010-2-26,华阳科技(sh600532) 宁波富邦(sh600768) 力诺太阳(sh600885) 华润锦华(sz000810) 兔宝宝(sz002043) 江苏宏宝(sz002071) 天润发展(sz002113) 蓉胜超微(sz002141) 宏达经编(sz002144) 特尔佳(sz002213) ,旭光股份(sh600353) 国通管业(sh600444) 华阳科技(sh600532) 宁波富邦(sh600768) 力诺太阳(sh600885) 华润锦华(sz000810) 山东威达(sz002026) 兔宝宝(sz002043) 江苏宏宝(sz002071) 特尔佳(sz002213) ,2010-1-29,TRUE,0.130371393,0.024190427
2010-3-1,2010-3-31,旭光股份(sh600353) 国通管业(sh600444) 华阳科技(sh600532) 宁波富邦(sh600768) 力诺太阳(sh600885) 华润锦华(sz000810) 山东威达(sz002026) 兔宝宝(sz002043) 江苏宏宝(sz002071) 特尔佳(sz002213) ,旭光股份(sh600353) 国通管业(sh600444) 凤竹纺织(sh600493) 华阳科技(sh600532) 华润锦华(sz000810) 山东威达(sz002026) 宏达经编(sz002144) 九鼎新材(sz002201) 特尔佳(sz002213) 伊立浦(sz002260) ,2010-2-26,TRUE,0.072078127,0.019483982
2010-4-1,2010-4-30,旭光股份(sh600353) 国通管业(sh600444) 凤竹纺织(sh600493) 华阳科技(sh600532) 华润锦华(sz000810) 山东威达(sz002026) 宏达经编(sz002144) 九鼎新材(sz002201) 特尔佳(sz002213) 伊立浦(sz002260) ,长春一东(sh600148) 景谷林业(sh600265) 凤竹纺织(sh600493) 联环药业(sh600513) 洪城股份(sh600566) 华润锦华(sz000810) 江苏宏宝(sz002071) 天润发展(sz002113) 新海股份(sz002120) 湘潭电化(sz002125) ,2010-3-31,TRUE,0.017917403,-0.083165701
2010-5-4,2010-5-31,长春一东(sh600148) 景谷林业(sh600265) 凤竹纺织(sh600493) 联环药业(sh600513) 洪城股份(sh600566) 华润锦华(sz000810) 江苏宏宝(sz002071) 天润发展(sz002113) 新海股份(sz002120) 湘潭电化(sz002125) ,金证股份(sh600446) 凤竹纺织(sh600493) 联环药业(sh600513) 兔宝宝(sz002043) 浔兴股份(sz002098) 冠福家用(sz002102) 新海股份(sz002120) 新嘉联(sz002188) 九鼎新材(sz002201) 民和股份(sz002234) ,2010-4-30,TRUE,-0.041237544,-0.095883444
2010-6-1,2010-6-30,金证股份(sh600446) 凤竹纺织(sh600493) 联环药业(sh600513) 兔宝宝(sz002043) 浔兴股份(sz002098) 冠福家用(sz002102) 新海股份(sz002120) 新嘉联(sz002188) 九鼎新材(sz002201) 民和股份(sz002234) ,长春一东(sh600148) 凤竹纺织(sh600493) 联环药业(sh600513) 京新药业(sz002020) 浔兴股份(sz002098) 冠福家用(sz002102) 新海股份(sz002120) 新嘉联(sz002188) 九鼎新材(sz002201) 民和股份(sz002234) ,2010-5-31,TRUE,-0.088875282,-0.075791668
2010-7-1,2010-7-30,长春一东(sh600148) 凤竹纺织(sh600493) 联环药业(sh600513) 京新药业(sz002020) 浔兴股份(sz002098) 冠福家用(sz002102) 新海股份(sz002120) 新嘉联(sz002188) 九鼎新材(sz002201) 民和股份(sz002234) ,长春一东(sh600148) 旭光股份(sh600353) 凤竹纺织(sh600493) 西北化工(sz000791) 京新药业(sz002020) 冠福家用(sz002102) 新海股份(sz002120) 新嘉联(sz002188) 民和股份(sz002234) 伊立浦(sz002260) ,2010-6-30,TRUE,0.191428981,0.119302243
2010-8-2,2010-8-31,长春一东(sh600148) 旭光股份(sh600353) 凤竹纺织(sh600493) 西北化工(sz000791) 京新药业(sz002020) 冠福家用(sz002102) 新海股份(sz002120) 新嘉联(sz002188) 民和股份(sz002234) 伊立浦(sz002260) ,长春一东(sh600148) 凤竹纺织(sh600493) 天目药业(sh600671) 西北化工(sz000791) 兔宝宝(sz002043) 江苏三友(sz002044) 江苏宏宝(sz002071) 浔兴股份(sz002098) 新海股份(sz002120) 湘潭电化(sz002125) ,2010-7-30,TRUE,0.108481733,0.011969953
2010-9-1,2010-9-30,长春一东(sh600148) 凤竹纺织(sh600493) 天目药业(sh600671) 西北化工(sz000791) 兔宝宝(sz002043) 江苏三友(sz002044) 江苏宏宝(sz002071) 浔兴股份(sz002098) 新海股份(sz002120) 湘潭电化(sz002125) ,长春一东(sh600148) 凤竹纺织(sh600493) 华阳科技(sh600532) 天目药业(sh600671) 西北化工(sz000791) 京新药业(sz002020) 江苏三友(sz002044) 江苏宏宝(sz002071) 新海股份(sz002120) 方正电机(sz002196) ,2010-8-31,TRUE,0.038570426,0.011153249
2010-10-8,2010-10-29,长春一东(sh600148) 凤竹纺织(sh600493) 华阳科技(sh600532) 天目药业(sh600671) 西北化工(sz000791) 京新药业(sz002020) 江苏三友(sz002044) 江苏宏宝(sz002071) 新海股份(sz002120) 方正电机(sz002196) ,长春一东(sh600148) 凤竹纺织(sh600493) 天目药业(sh600671) 湖北金环(sz000615) 西北化工(sz000791) 中汇医药(sz000809) 京新药业(sz002020) 新海股份(sz002120) 万力达(sz002180) 方正电机(sz002196) ,2010-9-30,TRUE,0.087091592,0.151387976
2010-11-1,2010-11-30,长春一东(sh600148) 凤竹纺织(sh600493) 天目药业(sh600671) 湖北金环(sz000615) 西北化工(sz000791) 中汇医药(sz000809) 京新药业(sz002020) 新海股份(sz002120) 万力达(sz002180) 方正电机(sz002196) ,凤竹纺织(sh600493) 天目药业(sh600671) 新五丰(sh600975) 湖北金环(sz000615) 西北化工(sz000791) 京新药业(sz002020) 江苏宏宝(sz002071) 新海股份(sz002120) 湘潭电化(sz002125) 伊立浦(sz002260) ,2010-10-29,TRUE,0.059829134,-0.071890958
2010-12-1,2010-12-31,凤竹纺织(sh600493) 天目药业(sh600671) 新五丰(sh600975) 湖北金环(sz000615) 西北化工(sz000791) 京新药业(sz002020) 江苏宏宝(sz002071) 新海股份(sz002120) 湘潭电化(sz002125) 伊立浦(sz002260) ,凤竹纺织(sh600493) 天目药业(sh600671) 新五丰(sh600975) 湖北金环(sz000615) 西北化工(sz000791) 京新药业(sz002020) 湘潭电化(sz002125) 新嘉联(sz002188) 九鼎新材(sz002201) 伊立浦(sz002260) ,2010-11-30,TRUE,0.005539499,-0.002782922
2011-1-4,2011-1-31,凤竹纺织(sh600493) 天目药业(sh600671) 新五丰(sh600975) 湖北金环(sz000615) 西北化工(sz000791) 京新药业(sz002020) 湘潭电化(sz002125) 新嘉联(sz002188) 九鼎新材(sz002201) 伊立浦(sz002260) ,长春一东(sh600148) 凤竹纺织(sh600493) 天目药业(sh600671) 湖北金环(sz000615) 西北化工(sz000791) 湘潭电化(sz002125) 新嘉联(sz002188) 九鼎新材(sz002201) 伊立浦(sz002260) 朗科科技(sz300042) ,2010-12-31,TRUE,-0.060260979,-0.016542743
2011-2-1,2011-2-28,长春一东(sh600148) 凤竹纺织(sh600493) 天目药业(sh600671) 湖北金环(sz000615) 西北化工(sz000791) 湘潭电化(sz002125) 新嘉联(sz002188) 九鼎新材(sz002201) 伊立浦(sz002260) 朗科科技(sz300042) ,天目药业(sh600671) 湖北金环(sz000615) 西北化工(sz000791) 山东威达(sz002026) 湘潭电化(sz002125) 新嘉联(sz002188) 九鼎新材(sz002201) 伊立浦(sz002260) 梅泰诺(sz300038) 朗科科技(sz300042) ,2011-1-31,TRUE,0.137872991,0.052998365
2011-3-1,2011-3-31,天目药业(sh600671) 湖北金环(sz000615) 西北化工(sz000791) 山东威达(sz002026) 湘潭电化(sz002125) 新嘉联(sz002188) 九鼎新材(sz002201) 伊立浦(sz002260) 梅泰诺(sz300038) 朗科科技(sz300042) ,福成五丰(sh600965) 深深宝Ａ(sz000019) 西北化工(sz000791) 山东威达(sz002026) 广博股份(sz002103) 湘潭电化(sz002125) 新嘉联(sz002188) 九鼎新材(sz002201) 朗科科技(sz300042) 天龙集团(sz300063) ,2011-2-28,TRUE,-0.010284823,-0.005022287
2011-4-1,2011-4-29,福成五丰(sh600965) 深深宝Ａ(sz000019) 西北化工(sz000791) 山东威达(sz002026) 广博股份(sz002103) 湘潭电化(sz002125) 新嘉联(sz002188) 九鼎新材(sz002201) 朗科科技(sz300042) 天龙集团(sz300063) ,洪城股份(sh600566) 同达创业(sh600647) 湘潭电化(sz002125) 蓉胜超微(sz002141) 科冕木业(sz002354) 梅泰诺(sz300038) 朗科科技(sz300042) 双龙股份(sz300108) 先锋新材(sz300163) 科斯伍德(sz300192) ,2011-3-31,TRUE,-0.037611527,-0.009484099
2011-5-3,2011-5-31,洪城股份(sh600566) 同达创业(sh600647) 湘潭电化(sz002125) 蓉胜超微(sz002141) 科冕木业(sz002354) 梅泰诺(sz300038) 朗科科技(sz300042) 双龙股份(sz300108) 先锋新材(sz300163) 科斯伍德(sz300192) ,兔宝宝(sz002043) 中钢天源(sz002057) 新海股份(sz002120) 湘潭电化(sz002125) 九鼎新材(sz002201) 帝龙新材(sz002247) 丽鹏股份(sz002374) 北陆药业(sz300016) 梅泰诺(sz300038) 长城集团(sz300089) ,2011-4-29,TRUE,-0.035621726,-0.059873713
2011-6-1,2011-6-30,兔宝宝(sz002043) 中钢天源(sz002057) 新海股份(sz002120) 湘潭电化(sz002125) 九鼎新材(sz002201) 帝龙新材(sz002247) 丽鹏股份(sz002374) 北陆药业(sz300016) 梅泰诺(sz300038) 长城集团(sz300089) ,山东威达(sz002026) 兔宝宝(sz002043) 中钢天源(sz002057) 广博股份(sz002103) 新海股份(sz002120) 伊立浦(sz002260) 鼎泰新材(sz002352) 北陆药业(sz300016) 梅泰诺(sz300038) 长城集团(sz300089) ,2011-5-31,TRUE,0.032061194,0.014169299
2011-7-1,2011-7-29,山东威达(sz002026) 兔宝宝(sz002043) 中钢天源(sz002057) 广博股份(sz002103) 新海股份(sz002120) 伊立浦(sz002260) 鼎泰新材(sz002352) 北陆药业(sz300016) 梅泰诺(sz300038) 长城集团(sz300089) ,熊猫烟花(sh600599) 山东威达(sz002026) 中钢天源(sz002057) 广博股份(sz002103) 新海股份(sz002120) 帝龙新材(sz002247) 伊立浦(sz002260) 皖通科技(sz002331) 丽鹏股份(sz002374) 梅泰诺(sz300038) ,2011-6-30,TRUE,0.025214676,-0.023655674
2011-8-1,2011-8-31,熊猫烟花(sh600599) 山东威达(sz002026) 中钢天源(sz002057) 广博股份(sz002103) 新海股份(sz002120) 帝龙新材(sz002247) 伊立浦(sz002260) 皖通科技(sz002331) 丽鹏股份(sz002374) 梅泰诺(sz300038) ,雪莱特(sz002076) 新海股份(sz002120) 乐通股份(sz002319) 丽鹏股份(sz002374) 梅泰诺(sz300038) 朗科科技(sz300042) 三维丝(sz300056) 华伍股份(sz300095) 万讯自控(sz300112) 科斯伍德(sz300192) ,2011-7-29,TRUE,-0.029276873,-0.042159027
2011-9-1,2011-9-30,雪莱特(sz002076) 新海股份(sz002120) 乐通股份(sz002319) 丽鹏股份(sz002374) 梅泰诺(sz300038) 朗科科技(sz300042) 三维丝(sz300056) 华伍股份(sz300095) 万讯自控(sz300112) 科斯伍德(sz300192) ,汇源通信(sz000586) 新海股份(sz002120) 丽鹏股份(sz002374) 梅泰诺(sz300038) 朗科科技(sz300042) 三维丝(sz300056) 华伍股份(sz300095) 新开源(sz300109) 万讯自控(sz300112) 科斯伍德(sz300192) ,2011-8-31,TRUE,-0.135584569,-0.093238677
2011-10-10,2011-10-31,汇源通信(sz000586) 新海股份(sz002120) 丽鹏股份(sz002374) 梅泰诺(sz300038) 朗科科技(sz300042) 三维丝(sz300056) 华伍股份(sz300095) 新开源(sz300109) 万讯自控(sz300112) 科斯伍德(sz300192) ,汇源通信(sz000586) 新海股份(sz002120) 梅花伞(sz002174) 乐通股份(sz002319) 丽鹏股份(sz002374) 三维丝(sz300056) 华伍股份(sz300095) 双龙股份(sz300108) 万讯自控(sz300112) 科斯伍德(sz300192) ,2011-9-30,TRUE,0.079263639,0.044147442
2011-11-1,2011-11-30,汇源通信(sz000586) 新海股份(sz002120) 梅花伞(sz002174) 乐通股份(sz002319) 丽鹏股份(sz002374) 三维丝(sz300056) 华伍股份(sz300095) 双龙股份(sz300108) 万讯自控(sz300112) 科斯伍德(sz300192) ,汇源通信(sz000586) 新海股份(sz002120) 新嘉联(sz002188) 乐通股份(sz002319) 丽鹏股份(sz002374) 三维丝(sz300056) 天龙集团(sz300063) 华伍股份(sz300095) 双龙股份(sz300108) 万讯自控(sz300112) ,2011-10-31,TRUE,-0.042088779,-0.064478669
2011-12-1,2011-12-30,汇源通信(sz000586) 新海股份(sz002120) 新嘉联(sz002188) 乐通股份(sz002319) 丽鹏股份(sz002374) 三维丝(sz300056) 天龙集团(sz300063) 华伍股份(sz300095) 双龙股份(sz300108) 万讯自控(sz300112) ,中发科技(sh600520) 汇源通信(sz000586) 新海股份(sz002120) 梅花伞(sz002174) 乐通股份(sz002319) 天龙集团(sz300063) 华伍股份(sz300095) 双龙股份(sz300108) 万讯自控(sz300112) 昌红科技(sz300151) ,2011-11-30,TRUE,-0.189074015,-0.06971192
2012-1-4,2012-1-31,中发科技(sh600520) 汇源通信(sz000586) 新海股份(sz002120) 梅花伞(sz002174) 乐通股份(sz002319) 天龙集团(sz300063) 华伍股份(sz300095) 双龙股份(sz300108) 万讯自控(sz300112) 昌红科技(sz300151) ,中发科技(sh600520) 汇源通信(sz000586) 新海股份(sz002120) 乐通股份(sz002319) 丽鹏股份(sz002374) 天龙集团(sz300063) 华伍股份(sz300095) 双龙股份(sz300108) 万讯自控(sz300112) 昌红科技(sz300151) ,2011-12-30,TRUE,-0.057917231,0.050525634
2012-2-1,2012-2-29,中发科技(sh600520) 汇源通信(sz000586) 新海股份(sz002120) 乐通股份(sz002319) 丽鹏股份(sz002374) 天龙集团(sz300063) 华伍股份(sz300095) 双龙股份(sz300108) 万讯自控(sz300112) 昌红科技(sz300151) ,中发科技(sh600520) 威尔泰(sz002058) 新海股份(sz002120) 乐通股份(sz002319) 天龙集团(sz300063) 华伍股份(sz300095) 双龙股份(sz300108) 万讯自控(sz300112) 昌红科技(sz300151) 汇冠股份(sz300282) ,2012-1-31,TRUE,0.192447617,0.068937531
2012-3-1,2012-3-30,中发科技(sh600520) 威尔泰(sz002058) 新海股份(sz002120) 乐通股份(sz002319) 天龙集团(sz300063) 华伍股份(sz300095) 双龙股份(sz300108) 万讯自控(sz300112) 昌红科技(sz300151) 汇冠股份(sz300282) ,威尔泰(sz002058) 新海股份(sz002120) 乐通股份(sz002319) 丽鹏股份(sz002374) 三维丝(sz300056) 华伍股份(sz300095) 万讯自控(sz300112) 昌红科技(sz300151) 鸿特精密(sz300176) 金力泰(sz300225) ,2012-2-29,TRUE,-0.095521486,-0.068044979
2012-4-5,2012-4-27,威尔泰(sz002058) 新海股份(sz002120) 乐通股份(sz002319) 丽鹏股份(sz002374) 三维丝(sz300056) 华伍股份(sz300095) 万讯自控(sz300112) 昌红科技(sz300151) 鸿特精密(sz300176) 金力泰(sz300225) ,万方地产(sz000638) 金宇车城(sz000803) 伊立浦(sz002260) 丽鹏股份(sz002374) 万讯自控(sz300112) 昌红科技(sz300151) 科斯伍德(sz300192) 方直科技(sz300235) 美晨科技(sz300237) 瑞丰高材(sz300243) ,2012-3-30,TRUE,0.07333853,0.069762516
2012-5-2,2012-5-31,万方地产(sz000638) 金宇车城(sz000803) 伊立浦(sz002260) 丽鹏股份(sz002374) 万讯自控(sz300112) 昌红科技(sz300151) 科斯伍德(sz300192) 方直科技(sz300235) 美晨科技(sz300237) 瑞丰高材(sz300243) ,汇源通信(sz000586) 丽鹏股份(sz002374) 恒大高新(sz002591) 梅泰诺(sz300038) 天龙集团(sz300063) 新开源(sz300109) 万讯自控(sz300112) 启源装备(sz300140) 上海新阳(sz300236) 美晨科技(sz300237) ,2012-4-27,TRUE,0.035649205,0.002239011
2012-6-1,2012-6-29,汇源通信(sz000586) 丽鹏股份(sz002374) 恒大高新(sz002591) 梅泰诺(sz300038) 天龙集团(sz300063) 新开源(sz300109) 万讯自控(sz300112) 启源装备(sz300140) 上海新阳(sz300236) 美晨科技(sz300237) ,汇源通信(sz000586) 丽鹏股份(sz002374) 圣莱达(sz002473) 中京电子(sz002579) 奥拓电子(sz002587) 万安科技(sz002590) 天龙集团(sz300063) 新开源(sz300109) 上海新阳(sz300236) 美晨科技(sz300237) ,2012-5-31,TRUE,0.007821761,-0.064752055
2012-7-2,2012-7-31,汇源通信(sz000586) 丽鹏股份(sz002374) 圣莱达(sz002473) 中京电子(sz002579) 奥拓电子(sz002587) 万安科技(sz002590) 天龙集团(sz300063) 新开源(sz300109) 上海新阳(sz300236) 美晨科技(sz300237) ,汇源通信(sz000586) 华润锦华(sz000810) 湘潭电化(sz002125) 中京电子(sz002579) 天龙集团(sz300063) 新开源(sz300109) 上海钢联(sz300226) 开尔新材(sz300234) 上海新阳(sz300236) 美晨科技(sz300237) ,2012-6-29,TRUE,-0.15387816,-0.052278793
2012-8-1,2012-8-31,汇源通信(sz000586) 华润锦华(sz000810) 湘潭电化(sz002125) 中京电子(sz002579) 天龙集团(sz300063) 新开源(sz300109) 上海钢联(sz300226) 开尔新材(sz300234) 上海新阳(sz300236) 美晨科技(sz300237) ,时代万恒(sh600241) 汇源通信(sz000586) 湘潭电化(sz002125) 新开源(sz300109) 美晨科技(sz300237) 宝莱特(sz300246) 金明精机(sz300281) 安科瑞(sz300286) 吴通通讯(sz300292) 同大股份(sz300321) ,2012-7-31,TRUE,0.102999959,-0.054888294
2012-9-3,2012-9-28,时代万恒(sh600241) 汇源通信(sz000586) 湘潭电化(sz002125) 新开源(sz300109) 美晨科技(sz300237) 宝莱特(sz300246) 金明精机(sz300281) 安科瑞(sz300286) 吴通通讯(sz300292) 同大股份(sz300321) ,湘潭电化(sz002125) 宇顺电子(sz002289) 乐通股份(sz002319) 天龙集团(sz300063) 新开源(sz300109) 美晨科技(sz300237) 宝莱特(sz300246) 金明精机(sz300281) 安科瑞(sz300286) 吴通通讯(sz300292) ,2012-8-31,TRUE,0.011623715,0.0400205
2012-10-8,2012-10-31,湘潭电化(sz002125) 宇顺电子(sz002289) 乐通股份(sz002319) 天龙集团(sz300063) 新开源(sz300109) 美晨科技(sz300237) 宝莱特(sz300246) 金明精机(sz300281) 安科瑞(sz300286) 吴通通讯(sz300292) ,建设机械(sh600984) 汇源通信(sz000586) 乐通股份(sz002319) 中京电子(sz002579) 天龙集团(sz300063) 新开源(sz300109) 科斯伍德(sz300192) 美晨科技(sz300237) 吴通通讯(sz300292) 任子行(sz300311) ,2012-9-28,TRUE,0.040536691,-0.016697847
2012-11-1,2012-11-30,建设机械(sh600984) 汇源通信(sz000586) 乐通股份(sz002319) 中京电子(sz002579) 天龙集团(sz300063) 新开源(sz300109) 科斯伍德(sz300192) 美晨科技(sz300237) 吴通通讯(sz300292) 任子行(sz300311) ,建设机械(sh600984) 汇源通信(sz000586) 乐通股份(sz002319) 中京电子(sz002579) 龙生股份(sz002625) 华星创业(sz300025) 天龙集团(sz300063) 双龙股份(sz300108) 美晨科技(sz300237) 任子行(sz300311) ,2012-10-31,TRUE,-0.101924241,-0.051072813
2012-12-3,2012-12-31,建设机械(sh600984) 汇源通信(sz000586) 乐通股份(sz002319) 中京电子(sz002579) 龙生股份(sz002625) 华星创业(sz300025) 天龙集团(sz300063) 双龙股份(sz300108) 美晨科技(sz300237) 任子行(sz300311) ,长春一东(sh600148) 中发科技(sh600520) 汇源通信(sz000586) 江苏宏宝(sz002071) 龙生股份(sz002625) 华星创业(sz300025) 三维丝(sz300056) 天龙集团(sz300063) 双龙股份(sz300108) 美晨科技(sz300237) ,2012-11-30,TRUE,0.210320727,0.179135937
2013-1-4,2013-1-31,长春一东(sh600148) 中发科技(sh600520) 汇源通信(sz000586) 江苏宏宝(sz002071) 龙生股份(sz002625) 华星创业(sz300025) 三维丝(sz300056) 天龙集团(sz300063) 双龙股份(sz300108) 美晨科技(sz300237) ,建设机械(sh600984) 汇源通信(sz000586) 江苏宏宝(sz002071) 宇顺电子(sz002289) 中京电子(sz002579) 龙生股份(sz002625) 华星创业(sz300025) 天龙集团(sz300063) 双龙股份(sz300108) 新开源(sz300109) ,2012-12-31,TRUE,0.071927285,0.064975525
2013-2-1,2013-2-28,建设机械(sh600984) 汇源通信(sz000586) 江苏宏宝(sz002071) 宇顺电子(sz002289) 中京电子(sz002579) 龙生股份(sz002625) 华星创业(sz300025) 天龙集团(sz300063) 双龙股份(sz300108) 新开源(sz300109) ,长春一东(sh600148) 中发科技(sh600520) 建设机械(sh600984) 江苏宏宝(sz002071) 宇顺电子(sz002289) 中京电子(sz002579) 龙生股份(sz002625) 天龙集团(sz300063) 双龙股份(sz300108) 新开源(sz300109) ,2013-1-31,TRUE,0.061923406,-0.005043024
2013-3-1,2013-3-29,长春一东(sh600148) 中发科技(sh600520) 建设机械(sh600984) 江苏宏宝(sz002071) 宇顺电子(sz002289) 中京电子(sz002579) 龙生股份(sz002625) 天龙集团(sz300063) 双龙股份(sz300108) 新开源(sz300109) ,中发科技(sh600520) 深天地Ａ(sz000023) 汇源通信(sz000586) 中京电子(sz002579) 龙生股份(sz002625) 天龙集团(sz300063) 双龙股份(sz300108) 新开源(sz300109) 亿通科技(sz300211) 麦捷科技(sz300319) ,2013-2-28,TRUE,-0.00784156,-0.06667714
2013-4-1,2013-4-26,中发科技(sh600520) 深天地Ａ(sz000023) 汇源通信(sz000586) 中京电子(sz002579) 龙生股份(sz002625) 天龙集团(sz300063) 双龙股份(sz300108) 新开源(sz300109) 亿通科技(sz300211) 麦捷科技(sz300319) ,金宇车城(sz000803) 天润控股(sz002113) 蓉胜超微(sz002141) 科冕木业(sz002354) 龙生股份(sz002625) 华伍股份(sz300095) 昌红科技(sz300151) 科斯伍德(sz300192) 南通锻压(sz300280) 麦捷科技(sz300319) ,2013-3-29,TRUE,-0.036324767,-0.019145679
2013-5-2,2013-5-31,金宇车城(sz000803) 天润控股(sz002113) 蓉胜超微(sz002141) 科冕木业(sz002354) 龙生股份(sz002625) 华伍股份(sz300095) 昌红科技(sz300151) 科斯伍德(sz300192) 南通锻压(sz300280) 麦捷科技(sz300319) ,中发科技(sh600520) 三变科技(sz002112) 湘潭电化(sz002125) 丹甫股份(sz002366) 通达动力(sz002576) 棒杰股份(sz002634) 天龙集团(sz300063) 新开源(sz300109) 联建光电(sz300269) 温州宏丰(sz300283) ,2013-4-26,TRUE,0.160169494,0.065018326
2013-6-3,2013-6-28,中发科技(sh600520) 三变科技(sz002112) 湘潭电化(sz002125) 丹甫股份(sz002366) 通达动力(sz002576) 棒杰股份(sz002634) 天龙集团(sz300063) 新开源(sz300109) 联建光电(sz300269) 温州宏丰(sz300283) ,中发科技(sh600520) 丹甫股份(sz002366) 通达动力(sz002576) 棒杰股份(sz002634) 天龙集团(sz300063) 金力泰(sz300225) 永利带业(sz300230) 美晨科技(sz300237) 联建光电(sz300269) 温州宏丰(sz300283) ,2013-5-31,TRUE,-0.197701653,-0.155688048
2013-7-1,2013-7-31,中发科技(sh600520) 丹甫股份(sz002366) 通达动力(sz002576) 棒杰股份(sz002634) 天龙集团(sz300063) 金力泰(sz300225) 永利带业(sz300230) 美晨科技(sz300237) 联建光电(sz300269) 温州宏丰(sz300283) ,凤竹纺织(sh600493) 中发科技(sh600520) 万鸿集团(sh600681) 三变科技(sz002112) 龙生股份(sz002625) 长城集团(sz300089) 新开源(sz300109) 亿通科技(sz300211) 永利带业(sz300230) 温州宏丰(sz300283) ,2013-6-28,TRUE,0.178925394,-0.003462629
2013-8-1,2013-8-30,凤竹纺织(sh600493) 中发科技(sh600520) 万鸿集团(sh600681) 三变科技(sz002112) 龙生股份(sz002625) 长城集团(sz300089) 新开源(sz300109) 亿通科技(sz300211) 永利带业(sz300230) 温州宏丰(sz300283) ,长春一东(sh600148) 中发科技(sh600520) 熊猫烟花(sh600599) 深天地Ａ(sz000023) 三变科技(sz002112) 湘潭电化(sz002125) 新开源(sz300109) 元力股份(sz300174) 亿通科技(sz300211) 美晨科技(sz300237) ,2013-7-31,TRUE,0.086546859,0.055124896
2013-9-2,2013-9-30,长春一东(sh600148) 中发科技(sh600520) 熊猫烟花(sh600599) 深天地Ａ(sz000023) 三变科技(sz002112) 湘潭电化(sz002125) 新开源(sz300109) 元力股份(sz300174) 亿通科技(sz300211) 美晨科技(sz300237) ,长春一东(sh600148) 凤竹纺织(sh600493) 熊猫烟花(sh600599) 汇源通信(sz000586) 三变科技(sz002112) 湘潭电化(sz002125) 通达动力(sz002576) 新开源(sz300109) 元力股份(sz300174) 亿通科技(sz300211) ,2013-8-30,TRUE,0.061730514,0.04111223
2013-10-8,2013-10-31,长春一东(sh600148) 凤竹纺织(sh600493) 熊猫烟花(sh600599) 汇源通信(sz000586) 三变科技(sz002112) 湘潭电化(sz002125) 通达动力(sz002576) 新开源(sz300109) 元力股份(sz300174) 亿通科技(sz300211) ,冀东装备(sz000856) 湘潭电化(sz002125) 法因数控(sz002270) 通达动力(sz002576) 龙生股份(sz002625) 新开源(sz300109) 元力股份(sz300174) 永利带业(sz300230) 佳创视讯(sz300264) 和晶科技(sz300279) ,2013-9-30,TRUE,0.019990531,-0.014661442
2013-11-1,2013-11-29,冀东装备(sz000856) 湘潭电化(sz002125) 法因数控(sz002270) 通达动力(sz002576) 龙生股份(sz002625) 新开源(sz300109) 元力股份(sz300174) 永利带业(sz300230) 佳创视讯(sz300264) 和晶科技(sz300279) ,万鸿集团(sh600681) 吉林化纤(sz000420) 德棉股份(sz002072) 三变科技(sz002112) 通达动力(sz002576) 龙生股份(sz002625) 新开源(sz300109) 元力股份(sz300174) 鸿特精密(sz300176) 和晶科技(sz300279) ,2013-10-31,TRUE,0.134277788,0.027475861
2013-12-2,2013-12-31,万鸿集团(sh600681) 吉林化纤(sz000420) 德棉股份(sz002072) 三变科技(sz002112) 通达动力(sz002576) 龙生股份(sz002625) 新开源(sz300109) 元力股份(sz300174) 鸿特精密(sz300176) 和晶科技(sz300279) ,冀东装备(sz000856) 德棉股份(sz002072) 九鼎新材(sz002201) 通达动力(sz002576) 天龙集团(sz300063) 新开源(sz300109) 元力股份(sz300174) 鸿特精密(sz300176) 银禧科技(sz300221) 温州宏丰(sz300283) ,2013-11-29,TRUE,0.031192718,-0.044654645
2014-1-2,2014-1-30,冀东装备(sz000856) 德棉股份(sz002072) 九鼎新材(sz002201) 通达动力(sz002576) 天龙集团(sz300063) 新开源(sz300109) 元力股份(sz300174) 鸿特精密(sz300176) 银禧科技(sz300221) 温州宏丰(sz300283) ,长春一东(sh600148) 凤竹纺织(sh600493) 大连热电(sh600719) 博闻科技(sh600883) 渝三峡Ａ(sz000565) 蓝鼎控股(sz000971) 通达动力(sz002576) 天龙集团(sz300063) 鸿特精密(sz300176) 银禧科技(sz300221) ,2013-12-31,TRUE,0.058896259,-0.05475466
2014-2-7,2014-2-28,长春一东(sh600148) 凤竹纺织(sh600493) 大连热电(sh600719) 博闻科技(sh600883) 渝三峡Ａ(sz000565) 蓝鼎控股(sz000971) 通达动力(sz002576) 天龙集团(sz300063) 鸿特精密(sz300176) 银禧科技(sz300221) ,中发科技(sh600520) 大连热电(sh600719) 博闻科技(sh600883) 渝三峡Ａ(sz000565) 汇源通信(sz000586) 天兴仪表(sz000710) 天龙集团(sz300063) 鸿特精密(sz300176) 银禧科技(sz300221) 同大股份(sz300321) ,2014-1-30,TRUE,0.065366602,-0.010660855
2014-3-3,2014-3-31,中发科技(sh600520) 大连热电(sh600719) 博闻科技(sh600883) 渝三峡Ａ(sz000565) 汇源通信(sz000586) 天兴仪表(sz000710) 天龙集团(sz300063) 鸿特精密(sz300176) 银禧科技(sz300221) 同大股份(sz300321) ,长春一东(sh600148) 大连热电(sh600719) 深天地Ａ(sz000023) 吉林化纤(sz000420) 汇源通信(sz000586) 湘潭电化(sz002125) 龙生股份(sz002625) 天龙集团(sz300063) 亿通科技(sz300211) 温州宏丰(sz300283) ,2014-2-28,TRUE,0.012864109,-0.014993323
2014-4-1,2014-4-30,长春一东(sh600148) 大连热电(sh600719) 深天地Ａ(sz000023) 吉林化纤(sz000420) 汇源通信(sz000586) 湘潭电化(sz002125) 龙生股份(sz002625) 天龙集团(sz300063) 亿通科技(sz300211) 温州宏丰(sz300283) ,林海股份(sh600099) 天兴仪表(sz000710) 美利纸业(sz000815) 三变科技(sz002112) 安纳达(sz002136) 天龙集团(sz300063) 新开源(sz300109) 坚瑞消防(sz300116) 元力股份(sz300174) 金运激光(sz300220) ,2014-3-31,TRUE,0.060562835,0.005758748
2014-5-5,2014-5-30,林海股份(sh600099) 天兴仪表(sz000710) 美利纸业(sz000815) 三变科技(sz002112) 安纳达(sz002136) 天龙集团(sz300063) 新开源(sz300109) 坚瑞消防(sz300116) 元力股份(sz300174) 金运激光(sz300220) ,亚星客车(sh600213) 思达高科(sz000676) 江苏三友(sz002044) 三变科技(sz002112) 安纳达(sz002136) 新嘉联(sz002188) 康耐特(sz300061) 天龙集团(sz300063) 元力股份(sz300174) 同大股份(sz300321) ,2014-4-30,TRUE,0.078864545,-0.001019151
2014-6-3,2014-6-30,亚星客车(sh600213) 思达高科(sz000676) 江苏三友(sz002044) 三变科技(sz002112) 安纳达(sz002136) 新嘉联(sz002188) 康耐特(sz300061) 天龙集团(sz300063) 元力股份(sz300174) 同大股份(sz300321) ,恒丰纸业(sh600356) 新五丰(sh600975) 渝三峡Ａ(sz000565) 思达高科(sz000676) 江苏三友(sz002044) 安纳达(sz002136) 九鼎新材(sz002201) 天龙集团(sz300063) 元力股份(sz300174) 同大股份(sz300321) ,2014-5-30,TRUE,0.120526193,0.004015841
2014-7-1,2014-7-31,恒丰纸业(sh600356) 新五丰(sh600975) 渝三峡Ａ(sz000565) 思达高科(sz000676) 江苏三友(sz002044) 安纳达(sz002136) 九鼎新材(sz002201) 天龙集团(sz300063) 元力股份(sz300174) 同大股份(sz300321) ,恒丰纸业(sh600356) 江苏三友(sz002044) 新嘉联(sz002188) 九鼎新材(sz002201) 东光微电(sz002504) 康耐特(sz300061) 天龙集团(sz300063) 坚瑞消防(sz300116) 瑞丰高材(sz300243) 同大股份(sz300321) ,2014-6-30,TRUE,0.087120808,0.085505653
2014-8-1,2014-8-29,恒丰纸业(sh600356) 江苏三友(sz002044) 新嘉联(sz002188) 九鼎新材(sz002201) 东光微电(sz002504) 康耐特(sz300061) 天龙集团(sz300063) 坚瑞消防(sz300116) 瑞丰高材(sz300243) 同大股份(sz300321) ,天目药业(sh600671) 新五丰(sh600975) 河池化工(sz000953) 湘潭电化(sz002125) 安纳达(sz002136) 法因数控(sz002270) 世纪游轮(sz002558) 棒杰股份(sz002634) 元力股份(sz300174) 汇冠股份(sz300282) ,2014-7-31,TRUE,0.122953992,-0.00508882
2014-9-1,2014-9-30,天目药业(sh600671) 新五丰(sh600975) 河池化工(sz000953) 湘潭电化(sz002125) 安纳达(sz002136) 法因数控(sz002270) 世纪游轮(sz002558) 棒杰股份(sz002634) 元力股份(sz300174) 汇冠股份(sz300282) ,鲁北化工(sh600727) 冀东装备(sz000856) 乐通股份(sz002319) 中联电气(sz002323) 鼎泰新材(sz002352) 圣阳股份(sz002580) 康耐特(sz300061) 坚瑞消防(sz300116) 元力股份(sz300174) 同大股份(sz300321) ,2014-8-29,TRUE,0.230137814,0.048197614
2014-10-8,2014-10-31,鲁北化工(sh600727) 冀东装备(sz000856) 乐通股份(sz002319) 中联电气(sz002323) 鼎泰新材(sz002352) 圣阳股份(sz002580) 康耐特(sz300061) 坚瑞消防(sz300116) 元力股份(sz300174) 同大股份(sz300321) ,林海股份(sh600099) 新五丰(sh600975) 美锦能源(sz000723) 兰州黄河(sz000929) 国统股份(sz002205) 鼎泰新材(sz002352) 康耐特(sz300061) 长城集团(sz300089) 坚瑞消防(sz300116) 依米康(sz300249) ,2014-9-30,TRUE,0.035078795,0.023394628
2014-11-3,2014-11-28,林海股份(sh600099) 新五丰(sh600975) 美锦能源(sz000723) 兰州黄河(sz000929) 国统股份(sz002205) 鼎泰新材(sz002352) 康耐特(sz300061) 长城集团(sz300089) 坚瑞消防(sz300116) 依米康(sz300249) ,吉林化纤(sz000420) 美锦能源(sz000723) 冀东装备(sz000856) 鼎泰新材(sz002352) 丽鹏股份(sz002374) 棒杰股份(sz002634) 康耐特(sz300061) 长城集团(sz300089) 鸿特精密(sz300176) 海联讯(sz300277) ,2014-10-31,TRUE,0.070211253,0.119796837
2014-12-1,2014-12-31,吉林化纤(sz000420) 美锦能源(sz000723) 冀东装备(sz000856) 鼎泰新材(sz002352) 丽鹏股份(sz002374) 棒杰股份(sz002634) 康耐特(sz300061) 长城集团(sz300089) 鸿特精密(sz300176) 海联讯(sz300277) ,天目药业(sh600671) 冀东装备(sz000856) 九鼎新材(sz002201) 鼎泰新材(sz002352) 朗科科技(sz300042) 康耐特(sz300061) 长城集团(sz300089) 坚瑞消防(sz300116) 海联讯(sz300277) 科恒股份(sz300340) ,2014-11-28,TRUE,-0.14006671,0.258076345
2015-1-5,2015-1-30,天目药业(sh600671) 冀东装备(sz000856) 九鼎新材(sz002201) 鼎泰新材(sz002352) 朗科科技(sz300042) 康耐特(sz300061) 长城集团(sz300089) 坚瑞消防(sz300116) 海联讯(sz300277) 科恒股份(sz300340) ,林海股份(sh600099) 冀东装备(sz000856) 兰州黄河(sz000929) 湘潭电化(sz002125) 鼎泰新材(sz002352) 圣阳股份(sz002580) 朗科科技(sz300042) 华伍股份(sz300095) 晨光生物(sz300138) 科恒股份(sz300340) ,2014-12-31,TRUE,0.112340456,-0.028106438
2015-2-2,2015-2-27,林海股份(sh600099) 冀东装备(sz000856) 兰州黄河(sz000929) 湘潭电化(sz002125) 鼎泰新材(sz002352) 圣阳股份(sz002580) 朗科科技(sz300042) 华伍股份(sz300095) 晨光生物(sz300138) 科恒股份(sz300340) ,林海股份(sh600099) 天目药业(sh600671) 冀东装备(sz000856) 兰州黄河(sz000929) 湘潭电化(sz002125) 九鼎新材(sz002201) 鼎泰新材(sz002352) 晨光生物(sz300138) 海联讯(sz300277) 科恒股份(sz300340) ,2015-1-30,TRUE,0.089665384,0.040312836
2015-3-2,2015-3-31,林海股份(sh600099) 天目药业(sh600671) 冀东装备(sz000856) 兰州黄河(sz000929) 湘潭电化(sz002125) 九鼎新材(sz002201) 鼎泰新材(sz002352) 晨光生物(sz300138) 海联讯(sz300277) 科恒股份(sz300340) ,恒丰纸业(sh600356) 大洲兴业(sh600603) 鲁北化工(sh600727) 美锦能源(sz000723) 兰州黄河(sz000929) 国统股份(sz002205) 棒杰股份(sz002634) 百洋股份(sz002696) 宝德股份(sz300023) 红宇新材(sz300345) ,2015-2-27,TRUE,0.235919713,0.133887888
2015-4-1,2015-4-30,恒丰纸业(sh600356) 大洲兴业(sh600603) 鲁北化工(sh600727) 美锦能源(sz000723) 兰州黄河(sz000929) 国统股份(sz002205) 棒杰股份(sz002634) 百洋股份(sz002696) 宝德股份(sz300023) 红宇新材(sz300345) ,亚星客车(sh600213) 北矿磁材(sh600980) 松发股份(sh603268) 立霸股份(sh603519) 美欣达(sz002034) 长江润发(sz002435) 康耐特(sz300061) 万福生科(sz300268) 华虹计通(sz300330) 康跃科技(sz300391) ,2015-3-31,TRUE,0.19222344,0.172464949
2015-5-4,2015-5-29,亚星客车(sh600213) 北矿磁材(sh600980) 松发股份(sh603268) 立霸股份(sh603519) 美欣达(sz002034) 长江润发(sz002435) 康耐特(sz300061) 万福生科(sz300268) 华虹计通(sz300330) 康跃科技(sz300391) ,长春一东(sh600148) 大杨创世(sh600233) 恒丰纸业(sh600356) 惠泉啤酒(sh600573) 北矿磁材(sh600980) 湘潭电化(sz002125) 天津普林(sz002134) 安纳达(sz002136) 鼎泰新材(sz002352) 通达股份(sz002560) ,2015-4-30,TRUE,0.562056618,0.019145707
2015-6-1,2015-6-30,长春一东(sh600148) 大杨创世(sh600233) 恒丰纸业(sh600356) 惠泉啤酒(sh600573) 北矿磁材(sh600980) 湘潭电化(sz002125) 天津普林(sz002134) 安纳达(sz002136) 鼎泰新材(sz002352) 通达股份(sz002560) ,长春一东(sh600148) 恒丰纸业(sh600356) 惠泉啤酒(sh600573) 大洲兴业(sh600603) 湘潭电化(sz002125) 天津普林(sz002134) 华伍股份(sz300095) 亿通科技(sz300211) 华虹计通(sz300330) 科恒股份(sz300340) ,2015-5-29,TRUE,-0.17894421,-0.075984903
2015-7-1,2015-7-31,长春一东(sh600148) 恒丰纸业(sh600356) 惠泉啤酒(sh600573) 大洲兴业(sh600603) 湘潭电化(sz002125) 天津普林(sz002134) 华伍股份(sz300095) 亿通科技(sz300211) 华虹计通(sz300330) 科恒股份(sz300340) ,惠泉啤酒(sh600573) 湖南海利(sh600731) 湘潭电化(sz002125) 天津普林(sz002134) 安纳达(sz002136) 通润装备(sz002150) 鼎泰新材(sz002352) 棒杰股份(sz002634) 高盟新材(sz300200) 亿通科技(sz300211) ,2015-6-30,TRUE,-0.17025888,-0.146724793
2015-8-3,2015-8-31,惠泉啤酒(sh600573) 湖南海利(sh600731) 湘潭电化(sz002125) 天津普林(sz002134) 安纳达(sz002136) 通润装备(sz002150) 鼎泰新材(sz002352) 棒杰股份(sz002634) 高盟新材(sz300200) 亿通科技(sz300211) ,维科精华(sh600152) 大杨创世(sh600233) 北矿磁材(sh600980) 联明股份(sh603006) 通润装备(sz002150) 高盟新材(sz300200) 万福生科(sz300268) 同大股份(sz300321) 华虹计通(sz300330) 科隆精化(sz300405) ,2015-7-31,TRUE,-0.08101031,-0.117944821
2015-9-1,2015-9-30,维科精华(sh600152) 大杨创世(sh600233) 北矿磁材(sh600980) 联明股份(sh603006) 通润装备(sz002150) 高盟新材(sz300200) 万福生科(sz300268) 同大股份(sz300321) 华虹计通(sz300330) 科隆精化(sz300405) ,维科精华(sh600152) 大杨创世(sh600233) 联明股份(sh603006) 河池化工(sz000953) 湘潭电化(sz002125) 跃岭股份(sz002725) 万福生科(sz300268) 同大股份(sz300321) 华虹计通(sz300330) 富邦股份(sz300387) ,2015-8-31,TRUE,0.041243972,-0.048592917
2015-10-8,2015-10-30,维科精华(sh600152) 大杨创世(sh600233) 联明股份(sh603006) 河池化工(sz000953) 湘潭电化(sz002125) 跃岭股份(sz002725) 万福生科(sz300268) 同大股份(sz300321) 华虹计通(sz300330) 富邦股份(sz300387) ,维科精华(sh600152) 大杨创世(sh600233) 金瑞矿业(sh600714) 天津普林(sz002134) 安纳达(sz002136) 川润股份(sz002272) 鼎泰新材(sz002352) 跃岭股份(sz002725) 华虹计通(sz300330) 富邦股份(sz300387) ,2015-9-30,TRUE,0.330899444,0.103382819
2015-11-2,2015-11-30,维科精华(sh600152) 大杨创世(sh600233) 金瑞矿业(sh600714) 天津普林(sz002134) 安纳达(sz002136) 川润股份(sz002272) 鼎泰新材(sz002352) 跃岭股份(sz002725) 华虹计通(sz300330) 富邦股份(sz300387) ,大杨创世(sh600233) 金瑞矿业(sh600714) 贵绳股份(sh600992) 天津普林(sz002134) 安纳达(sz002136) 晨光生物(sz300138) 温州宏丰(sz300283) 科恒股份(sz300340) 富邦股份(sz300387) 康跃科技(sz300391) ,2015-10-30,TRUE,0.227660309,0.009148067
2015-12-1,2015-12-31,大杨创世(sh600233) 金瑞矿业(sh600714) 贵绳股份(sh600992) 天津普林(sz002134) 安纳达(sz002136) 晨光生物(sz300138) 温州宏丰(sz300283) 科恒股份(sz300340) 富邦股份(sz300387) 康跃科技(sz300391) ,开创国际(sh600097) 长春一东(sh600148) 湖南海利(sh600731) 贵绳股份(sh600992) 鼎泰新材(sz002352) 温州宏丰(sz300283) 同大股份(sz300321) 华虹计通(sz300330) 富邦股份(sz300387) 康跃科技(sz300391) ,2015-11-30,TRUE,0.140633279,0.04615005
2016-1-4,2016-1-29,开创国际(sh600097) 长春一东(sh600148) 湖南海利(sh600731) 贵绳股份(sh600992) 鼎泰新材(sz002352) 温州宏丰(sz300283) 同大股份(sz300321) 华虹计通(sz300330) 富邦股份(sz300387) 康跃科技(sz300391) ,长春一东(sh600148) 维科精华(sh600152) 河池化工(sz000953) 天津普林(sz002134) 通润装备(sz002150) 鼎泰新材(sz002352) 亿通科技(sz300211) 温州宏丰(sz300283) 同大股份(sz300321) 康跃科技(sz300391) ,2015-12-31,TRUE,-0.332691447,-0.210375235
2016-2-1,2016-2-29,长春一东(sh600148) 维科精华(sh600152) 河池化工(sz000953) 天津普林(sz002134) 通润装备(sz002150) 鼎泰新材(sz002352) 亿通科技(sz300211) 温州宏丰(sz300283) 同大股份(sz300321) 康跃科技(sz300391) ,维科精华(sh600152) 贵绳股份(sh600992) 天津普林(sz002134) 鼎泰新材(sz002352) 跃岭股份(sz002725) 亿通科技(sz300211) 梅安森(sz300275) 温州宏丰(sz300283) 同大股份(sz300321) 富邦股份(sz300387) ,2016-1-29,TRUE,-0.009226559,-0.023291889
2016-3-1,2016-3-31,维科精华(sh600152) 贵绳股份(sh600992) 天津普林(sz002134) 鼎泰新材(sz002352) 跃岭股份(sz002725) 亿通科技(sz300211) 梅安森(sz300275) 温州宏丰(sz300283) 同大股份(sz300321) 富邦股份(sz300387) ,长春一东(sh600148) 维科精华(sh600152) 红星发展(sh600367) 北矿磁材(sh600980) 三特索道(sz002159) 鼎泰新材(sz002352) 华伍股份(sz300095) 元力股份(sz300174) 同大股份(sz300321) 富邦股份(sz300387) ,2016-2-29,TRUE,0.327258674,0.118374822
2016-4-1,2016-4-29,长春一东(sh600148) 维科精华(sh600152) 红星发展(sh600367) 北矿磁材(sh600980) 三特索道(sz002159) 鼎泰新材(sz002352) 华伍股份(sz300095) 元力股份(sz300174) 同大股份(sz300321) 富邦股份(sz300387) ,开创国际(sh600097) 维科精华(sh600152) 惠天热电(sz000692) 乐通股份(sz002319) 永安药业(sz002365) 长江润发(sz002435) 登云股份(sz002715) 海达股份(sz300320) 富邦股份(sz300387) 力星股份(sz300421) ,2016-3-31,TRUE,0.027023854,-0.019060996
2016-5-3,2016-5-31,开创国际(sh600097) 维科精华(sh600152) 惠天热电(sz000692) 乐通股份(sz002319) 永安药业(sz002365) 长江润发(sz002435) 登云股份(sz002715) 海达股份(sz300320) 富邦股份(sz300387) 力星股份(sz300421) ,恒丰纸业(sh600356) 鲁北化工(sh600727) 湖南海利(sh600731) 贵绳股份(sh600992) 惠天热电(sz000692) 中钢天源(sz002057) 三特索道(sz002159) 长江润发(sz002435) 跃岭股份(sz002725) 梅安森(sz300275) ,2016-4-29,TRUE,-0.04449507,0.004057971
2016-6-1,2016-6-30,恒丰纸业(sh600356) 鲁北化工(sh600727) 湖南海利(sh600731) 贵绳股份(sh600992) 惠天热电(sz000692) 中钢天源(sz002057) 三特索道(sz002159) 长江润发(sz002435) 跃岭股份(sz002725) 梅安森(sz300275) ,开创国际(sh600097) 维科精华(sh600152) 恒丰纸业(sh600356) 惠泉啤酒(sh600573) 鲁北化工(sh600727) 湖南海利(sh600731) 三联商社(sh600898) 贵绳股份(sh600992) 华虹计通(sz300330) 科隆精化(sz300405) ,2016-5-31,TRUE,0.068973953,-0.004934439
2016-7-1,2016-7-29,开创国际(sh600097) 维科精华(sh600152) 恒丰纸业(sh600356) 惠泉啤酒(sh600573) 鲁北化工(sh600727) 湖南海利(sh600731) 三联商社(sh600898) 贵绳股份(sh600992) 华虹计通(sz300330) 科隆精化(sz300405) ,维科精华(sh600152) 恒丰纸业(sh600356) 鲁北化工(sh600727) 湖南海利(sh600731) 三联商社(sh600898) 贵绳股份(sh600992) 惠天热电(sz000692) 锐奇股份(sz300126) 梅安森(sz300275) 天山生物(sz300313) ,2016-6-30,TRUE,-0.006542253,0.015856458
2016-8-1,2016-8-31,维科精华(sh600152) 恒丰纸业(sh600356) 鲁北化工(sh600727) 湖南海利(sh600731) 三联商社(sh600898) 贵绳股份(sh600992) 惠天热电(sz000692) 锐奇股份(sz300126) 梅安森(sz300275) 天山生物(sz300313) ,长春一东(sh600148) 恒丰纸业(sh600356) 惠泉啤酒(sh600573) 湖南海利(sh600731) 辅仁药业(sh600781) 贵绳股份(sh600992) 天津普林(sz002134) 锐奇股份(sz300126) 天山生物(sz300313) 南华仪器(sz300417) ,2016-7-29,TRUE,0.066524981,0.038658772
2016-9-1,2016-9-30,长春一东(sh600148) 恒丰纸业(sh600356) 惠泉啤酒(sh600573) 湖南海利(sh600731) 辅仁药业(sh600781) 贵绳股份(sh600992) 天津普林(sz002134) 锐奇股份(sz300126) 天山生物(sz300313) 南华仪器(sz300417) ,维科精华(sh600152) 恒丰纸业(sh600356) 惠泉啤酒(sh600573) 鲁北化工(sh600727) 湖南海利(sh600731) 贵绳股份(sh600992) 中水渔业(sz000798) 天津普林(sz002134) 天山生物(sz300313) 南华仪器(sz300417) ,2016-8-31,TRUE,0.008196894,-0.022390235
2016-10-10,2016-10-31,维科精华(sh600152) 恒丰纸业(sh600356) 惠泉啤酒(sh600573) 鲁北化工(sh600727) 湖南海利(sh600731) 贵绳股份(sh600992) 中水渔业(sz000798) 天津普林(sz002134) 天山生物(sz300313) 南华仪器(sz300417) ,长春一东(sh600148) 维科精华(sh600152) 新农开发(sh600359) 湖南海利(sh600731) 贵绳股份(sh600992) 中水渔业(sz000798) 兰州黄河(sz000929) 台基股份(sz300046) 科新机电(sz300092) 沃施股份(sz300483) ,2016-9-30,TRUE,0.031664598,0.025512713
2016-11-1,2016-11-30,长春一东(sh600148) 维科精华(sh600152) 新农开发(sh600359) 湖南海利(sh600731) 贵绳股份(sh600992) 中水渔业(sz000798) 兰州黄河(sz000929) 台基股份(sz300046) 科新机电(sz300092) 沃施股份(sz300483) ,太化股份(sh600281) 恒丰纸业(sh600356) 新农开发(sh600359) 新赛股份(sh600540) 鲁北化工(sh600727) 钱江生化(sh600796) 中水渔业(sz000798) 天津普林(sz002134) 台基股份(sz300046) 沃施股份(sz300483) ,2016-10-31,TRUE,0.080232169,0.060462551
2016-12-1,2016-12-30,太化股份(sh600281) 恒丰纸业(sh600356) 新农开发(sh600359) 新赛股份(sh600540) 鲁北化工(sh600727) 钱江生化(sh600796) 中水渔业(sz000798) 天津普林(sz002134) 台基股份(sz300046) 沃施股份(sz300483) ,恒丰纸业(sh600356) 新农开发(sh600359) 三毛派神(sz000779) 中水渔业(sz000798) 兰州黄河(sz000929) 台基股份(sz300046) 锐奇股份(sz300126) 梅安森(sz300275) 康跃科技(sz300391) 科隆精化(sz300405) ,2016-11-30,TRUE,0.005137438,-0.064420577
2017-1-3,2017-1-26,恒丰纸业(sh600356) 新农开发(sh600359) 三毛派神(sz000779) 中水渔业(sz000798) 兰州黄河(sz000929) 台基股份(sz300046) 锐奇股份(sz300126) 梅安森(sz300275) 康跃科技(sz300391) 科隆精化(sz300405) ,新赛股份(sh600540) 湖南海利(sh600731) 惠天热电(sz000692) 三变科技(sz002112) 台基股份(sz300046) 万讯自控(sz300112) 锐奇股份(sz300126) 恒通科技(sz300374) 富邦股份(sz300387) 科隆精化(sz300405) ,2016-12-30,TRUE,-0.03148162,0.023528132
2017-2-3,2017-2-28,新赛股份(sh600540) 湖南海利(sh600731) 惠天热电(sz000692) 三变科技(sz002112) 台基股份(sz300046) 万讯自控(sz300112) 锐奇股份(sz300126) 恒通科技(sz300374) 富邦股份(sz300387) 科隆精化(sz300405) ,惠天热电(sz000692) 三变科技(sz002112) 跃岭股份(sz002725) 凤形股份(sz002760) 万讯自控(sz300112) 锐奇股份(sz300126) 富邦股份(sz300387) 康跃科技(sz300391) 科隆精化(sz300405) 三鑫医疗(sz300453) ,2017-1-26,TRUE,0.067745624,0.019141312
2017-3-1,2017-3-31,惠天热电(sz000692) 三变科技(sz002112) 跃岭股份(sz002725) 凤形股份(sz002760) 万讯自控(sz300112) 锐奇股份(sz300126) 富邦股份(sz300387) 康跃科技(sz300391) 科隆精化(sz300405) 三鑫医疗(sz300453) ,钱江生化(sh600796) 长城动漫(sz000835) 国统股份(sz002205) 茂硕电源(sz002660) 跃岭股份(sz002725) 台基股份(sz300046) 锐奇股份(sz300126) 天晟新材(sz300169) 汇中股份(sz300371) 富邦股份(sz300387) ,2017-2-28,TRUE,-0.057679781,0.000938366
2017-4-5,2017-4-28,钱江生化(sh600796) 长城动漫(sz000835) 国统股份(sz002205) 茂硕电源(sz002660) 跃岭股份(sz002725) 台基股份(sz300046) 锐奇股份(sz300126) 天晟新材(sz300169) 汇中股份(sz300371) 富邦股份(sz300387) ,民丰特纸(sh600235) 湖南海利(sh600731) 茂硕电源(sz002660) 金亚科技(sz300028) 经纬电材(sz300120) 锐奇股份(sz300126) 亿通科技(sz300211) 安利股份(sz300218) 金运激光(sz300220) 富邦股份(sz300387) ,2017-3-31,TRUE,-0.107643448,-0.004716367
2017-5-2,2017-5-31,民丰特纸(sh600235) 湖南海利(sh600731) 茂硕电源(sz002660) 金亚科技(sz300028) 经纬电材(sz300120) 锐奇股份(sz300126) 亿通科技(sz300211) 安利股份(sz300218) 金运激光(sz300220) 富邦股份(sz300387) ,民丰特纸(sh600235) 国机通用(sh600444) 凤竹纺织(sh600493) 钱江生化(sh600796) 北矿科技(sh600980) 德宏股份(sh603701) 中水渔业(sz000798) 茂硕电源(sz002660) 台基股份(sz300046) 锐奇股份(sz300126) ,2017-4-28,TRUE,-0.095716313,0.01544589
2017-6-1,2017-6-30,民丰特纸(sh600235) 国机通用(sh600444) 凤竹纺织(sh600493) 钱江生化(sh600796) 北矿科技(sh600980) 德宏股份(sh603701) 中水渔业(sz000798) 茂硕电源(sz002660) 台基股份(sz300046) 锐奇股份(sz300126) ,民丰特纸(sh600235) 国机通用(sh600444) 惠泉啤酒(sh600573) 钱江生化(sh600796) 北矿科技(sh600980) 川润股份(sz002272) 茂硕电源(sz002660) 台基股份(sz300046) 锐奇股份(sz300126) 星徽精密(sz300464) ,2017-5-31,TRUE,0.058244181,0.049792721
2017-7-3,2017-7-31,民丰特纸(sh600235) 国机通用(sh600444) 惠泉啤酒(sh600573) 钱江生化(sh600796) 北矿科技(sh600980) 川润股份(sz002272) 茂硕电源(sz002660) 台基股份(sz300046) 锐奇股份(sz300126) 星徽精密(sz300464) ,吉林森工(sh600189) 国机通用(sh600444) 松发股份(sh603268) 德宏股份(sh603701) 茂硕电源(sz002660) 锐奇股份(sz300126) 富邦股份(sz300387) 惠伦晶体(sz300460) 星徽精密(sz300464) 达威股份(sz300535) ,2017-6-30,TRUE,-0.013433178,0.019382022
2017-8-1,2017-8-31,吉林森工(sh600189) 国机通用(sh600444) 松发股份(sh603268) 德宏股份(sh603701) 茂硕电源(sz002660) 锐奇股份(sz300126) 富邦股份(sz300387) 惠伦晶体(sz300460) 星徽精密(sz300464) 达威股份(sz300535) ,国机通用(sh600444) 松发股份(sh603268) 三毛派神(sz000779) 凤形股份(sz002760) 台基股份(sz300046) 锐奇股份(sz300126) 科隆股份(sz300405) 新元科技(sz300472) 达威股份(sz300535) 博士眼镜(sz300622) ,2017-7-31,TRUE,0.058430773,0.022531549
2017-9-1,2017-9-29,国机通用(sh600444) 松发股份(sh603268) 三毛派神(sz000779) 凤形股份(sz002760) 台基股份(sz300046) 锐奇股份(sz300126) 科隆股份(sz300405) 新元科技(sz300472) 达威股份(sz300535) 博士眼镜(sz300622) ,林海股份(sh600099) 惠泉啤酒(sh600573) 钱江生化(sh600796) 松发股份(sh603268) 双象股份(sz002395) 锐奇股份(sz300126) 梅安森(sz300275) 科隆股份(sz300405) 达威股份(sz300535) 博士眼镜(sz300622) ,2017-8-31,TRUE,0.033452392,0.003770189
2017-10-9,2017-10-31,林海股份(sh600099) 惠泉啤酒(sh600573) 钱江生化(sh600796) 松发股份(sh603268) 双象股份(sz002395) 锐奇股份(sz300126) 梅安森(sz300275) 科隆股份(sz300405) 达威股份(sz300535) 博士眼镜(sz300622) ,惠泉啤酒(sh600573) 钱江生化(sh600796) 上海天洋(sh603330) 天首发展(sz000611) 恒立实业(sz000622) 兰州黄河(sz000929) 乔治白(sz002687) 山东赫达(sz002810) 三晖电气(sz002857) 星徽精密(sz300464) ,2017-9-29,TRUE,0.007615714,0.044368565
2017-11-1,2017-11-30,惠泉啤酒(sh600573) 钱江生化(sh600796) 上海天洋(sh603330) 天首发展(sz000611) 恒立实业(sz000622) 兰州黄河(sz000929) 乔治白(sz002687) 山东赫达(sz002810) 三晖电气(sz002857) 星徽精密(sz300464) ,林海股份(sh600099) 惠泉啤酒(sh600573) 钱江生化(sh600796) 恒立实业(sz000622) 兰州黄河(sz000929) 国统股份(sz002205) 锐奇股份(sz300126) 梅安森(sz300275) 富邦股份(sz300387) 容大感光(sz300576) ,2017-10-31,TRUE,-0.078445928,-0.00015474
2017-12-1,2017-12-29,林海股份(sh600099) 惠泉啤酒(sh600573) 钱江生化(sh600796) 恒立实业(sz000622) 兰州黄河(sz000929) 国统股份(sz002205) 锐奇股份(sz300126) 梅安森(sz300275) 富邦股份(sz300387) 容大感光(sz300576) ,林海股份(sh600099) 上海天洋(sh603330) 国统股份(sz002205) 双象股份(sz002395) 中能电气(sz300062) 锐奇股份(sz300126) 仟源医药(sz300254) 同大股份(sz300321) 富邦股份(sz300387) 容大感光(sz300576) ,2017-11-30,TRUE,-0.02270815,0.006180575
2018-1-2,2018-1-31,林海股份(sh600099) 上海天洋(sh603330) 国统股份(sz002205) 双象股份(sz002395) 中能电气(sz300062) 锐奇股份(sz300126) 仟源医药(sz300254) 同大股份(sz300321) 富邦股份(sz300387) 容大感光(sz300576) ,上海天洋(sh603330) 恒立实业(sz000622) 国统股份(sz002205) 中能电气(sz300062) 锐奇股份(sz300126) 仟源医药(sz300254) 同大股份(sz300321) 富邦股份(sz300387) 惠伦晶体(sz300460) 容大感光(sz300576) ,2017-12-29,TRUE,-0.065205845,0.060790997
2018-2-1,2018-2-28,上海天洋(sh603330) 恒立实业(sz000622) 国统股份(sz002205) 中能电气(sz300062) 锐奇股份(sz300126) 仟源医药(sz300254) 同大股份(sz300321) 富邦股份(sz300387) 惠伦晶体(sz300460) 容大感光(sz300576) ,林海股份(sh600099) 上海天洋(sh603330) 恒立实业(sz000622) 国统股份(sz002205) 中能电气(sz300062) 锐奇股份(sz300126) 仟源医药(sz300254) 星徽精密(sz300464) 达威股份(sz300535) 容大感光(sz300576) ,2018-1-31,TRUE,-0.094266479,-0.058995767
2018-3-1,2018-3-30,林海股份(sh600099) 上海天洋(sh603330) 恒立实业(sz000622) 国统股份(sz002205) 中能电气(sz300062) 锐奇股份(sz300126) 仟源医药(sz300254) 星徽精密(sz300464) 达威股份(sz300535) 容大感光(sz300576) ,凤竹纺织(sh600493) 惠泉啤酒(sh600573) 上海天洋(sh603330) 艾艾精工(sh603580) 国统股份(sz002205) 凤形股份(sz002760) 中能电气(sz300062) 锐奇股份(sz300126) 富邦股份(sz300387) 达威股份(sz300535) ,2018-2-28,TRUE,0.095909269,-0.031101192
2018-4-2,2018-4-27,凤竹纺织(sh600493) 惠泉啤酒(sh600573) 上海天洋(sh603330) 艾艾精工(sh603580) 国统股份(sz002205) 凤形股份(sz002760) 中能电气(sz300062) 锐奇股份(sz300126) 富邦股份(sz300387) 达威股份(sz300535) ,凤竹纺织(sh600493) 美思德(sh603041) 上海天洋(sh603330) 恒立实业(sz000622) 通达动力(sz002576) 天顺股份(sz002800) 金运激光(sz300220) 佳沃股份(sz300268) 博士眼镜(sz300622) 沪宁股份(sz300669) ,2018-3-30,TRUE,-0.051161291,-0.036326792
2018-5-2,2018-5-31,凤竹纺织(sh600493) 美思德(sh603041) 上海天洋(sh603330) 恒立实业(sz000622) 通达动力(sz002576) 天顺股份(sz002800) 金运激光(sz300220) 佳沃股份(sz300268) 博士眼镜(sz300622) 沪宁股份(sz300669) ,凤竹纺织(sh600493) 美思德(sh603041) 上海天洋(sh603330) 神力股份(sh603819) 川润股份(sz002272) 通达动力(sz002576) 迪威迅(sz300167) 富邦股份(sz300387) 高澜股份(sz300499) 容大感光(sz300576) ,2018-4-27,TRUE,0.020491926,0.012111113
2018-6-1,2018-6-29,凤竹纺织(sh600493) 美思德(sh603041) 上海天洋(sh603330) 神力股份(sh603819) 川润股份(sz002272) 通达动力(sz002576) 迪威迅(sz300167) 富邦股份(sz300387) 高澜股份(sz300499) 容大感光(sz300576) ,新通联(sh603022) 松发股份(sh603268) 上海天洋(sh603330) 合金投资(sz000633) 通达动力(sz002576) 天顺股份(sz002800) 中能电气(sz300062) 先锋新材(sz300163) 迪威迅(sz300167) 惠伦晶体(sz300460) ,2018-5-31,TRUE,-0.076011071,-0.076636212
2018-7-2,2018-7-31,新通联(sh603022) 松发股份(sh603268) 上海天洋(sh603330) 合金投资(sz000633) 通达动力(sz002576) 天顺股份(sz002800) 中能电气(sz300062) 先锋新材(sz300163) 迪威迅(sz300167) 惠伦晶体(sz300460) ,林海股份(sh600099) 凤竹纺织(sh600493) 新通联(sh603022) 日盈电子(sh603286) 上海天洋(sh603330) 达意隆(sz002209) 通达动力(sz002576) 迪威迅(sz300167) 达威股份(sz300535) 华瑞股份(sz300626) ,2018-6-29,TRUE,0.078209231,0.001902603
2018-8-1,2018-8-31,林海股份(sh600099) 凤竹纺织(sh600493) 新通联(sh603022) 日盈电子(sh603286) 上海天洋(sh603330) 达意隆(sz002209) 通达动力(sz002576) 迪威迅(sz300167) 达威股份(sz300535) 华瑞股份(sz300626) ,林海股份(sh600099) 凤竹纺织(sh600493) 日盈电子(sh603286) 惠发股份(sh603536) 国统股份(sz002205) 通达动力(sz002576) 锐奇股份(sz300126) 沃施股份(sz300483) 达威股份(sz300535) 华瑞股份(sz300626) ,2018-7-31,TRUE,-0.132235679,-0.052068705
2018-9-3,2018-9-28,林海股份(sh600099) 凤竹纺织(sh600493) 日盈电子(sh603286) 惠发股份(sh603536) 国统股份(sz002205) 通达动力(sz002576) 锐奇股份(sz300126) 沃施股份(sz300483) 达威股份(sz300535) 华瑞股份(sz300626) ,林海股份(sh600099) 凤竹纺织(sh600493) 日盈电子(sh603286) 惠发股份(sh603536) 恒立实业(sz000622) 通达动力(sz002576) 好利来(sz002729) 锐奇股份(sz300126) 达威股份(sz300535) 博士眼镜(sz300622) ,2018-8-31,TRUE,0.010149707,0.031300045
2018-10-8,2018-10-31,林海股份(sh600099) 凤竹纺织(sh600493) 日盈电子(sh603286) 惠发股份(sh603536) 恒立实业(sz000622) 通达动力(sz002576) 好利来(sz002729) 锐奇股份(sz300126) 达威股份(sz300535) 博士眼镜(sz300622) ,凤竹纺织(sh600493) 新通联(sh603022) 日盈电子(sh603286) 天津普林(sz002134) 好利来(sz002729) 高科石化(sz002778) 锐奇股份(sz300126) 三鑫医疗(sz300453) 达威股份(sz300535) 金太阳(sz300606) ,2018-9-28,TRUE,0.021438011,-0.082890601
2018-11-1,2018-11-30,凤竹纺织(sh600493) 新通联(sh603022) 日盈电子(sh603286) 天津普林(sz002134) 好利来(sz002729) 高科石化(sz002778) 锐奇股份(sz300126) 三鑫医疗(sz300453) 达威股份(sz300535) 金太阳(sz300606) ,林海股份(sh600099) 美思德(sh603041) 达意隆(sz002209) 好利来(sz002729) 高科石化(sz002778) 黄山胶囊(sz002817) 三鑫医疗(sz300453) 达威股份(sz300535) 奥联电子(sz300585) 太龙照明(sz300650) ,2018-10-31,TRUE,0.108224183,0.00598322
2018-12-3,2018-12-28,林海股份(sh600099) 美思德(sh603041) 达意隆(sz002209) 好利来(sz002729) 高科石化(sz002778) 黄山胶囊(sz002817) 三鑫医疗(sz300453) 达威股份(sz300535) 奥联电子(sz300585) 太龙照明(sz300650) ,新通联(sh603022) 美思德(sh603041) 惠天热电(sz000692) 达意隆(sz002209) 宇顺电子(sz002289) 好利来(sz002729) 达威股份(sz300535) 奥联电子(sz300585) 博士眼镜(sz300622) 太龙照明(sz300650) ,2018-11-30,TRUE,-0.026218827,-0.051073379
2019-1-2,2019-1-31,新通联(sh603022) 美思德(sh603041) 惠天热电(sz000692) 达意隆(sz002209) 宇顺电子(sz002289) 好利来(sz002729) 达威股份(sz300535) 奥联电子(sz300585) 博士眼镜(sz300622) 太龙照明(sz300650) ,林海股份(sh600099) 美思德(sh603041) 天津普林(sz002134) 好利来(sz002729) 锐奇股份(sz300126) 星徽精密(sz300464) 深冷股份(sz300540) 奥联电子(sz300585) 金太阳(sz300606) 华瑞股份(sz300626) ,2018-12-28,TRUE,-0.035679085,0.063434806
2019-2-1,2019-2-28,林海股份(sh600099) 美思德(sh603041) 天津普林(sz002134) 好利来(sz002729) 锐奇股份(sz300126) 星徽精密(sz300464) 深冷股份(sz300540) 奥联电子(sz300585) 金太阳(sz300606) 华瑞股份(sz300626) ,新通联(sh603022) 美思德(sh603041) 达意隆(sz002209) 好利来(sz002729) 金运激光(sz300220) 深冷股份(sz300540) 奥联电子(sz300585) 博士眼镜(sz300622) 华瑞股份(sz300626) 太龙照明(sz300650) ,2019-1-31,TRUE,0.220251045,0.146094333
2019-3-1,2019-3-29,新通联(sh603022) 美思德(sh603041) 达意隆(sz002209) 好利来(sz002729) 金运激光(sz300220) 深冷股份(sz300540) 奥联电子(sz300585) 博士眼镜(sz300622) 华瑞股份(sz300626) 太龙照明(sz300650) ,美思德(sh603041) 南卫股份(sh603880) 惠天热电(sz000692) 信隆健康(sz002105) 凤形股份(sz002760) 黄山胶囊(sz002817) 奥联电子(sz300585) 博士眼镜(sz300622) 华瑞股份(sz300626) 太龙照明(sz300650) ,2019-2-28,TRUE,0.221214051,0.055314673
2019-4-1,2019-4-30,美思德(sh603041) 南卫股份(sh603880) 惠天热电(sz000692) 信隆健康(sz002105) 凤形股份(sz002760) 黄山胶囊(sz002817) 奥联电子(sz300585) 博士眼镜(sz300622) 华瑞股份(sz300626) 太龙照明(sz300650) ,美思德(sh603041) 宁波精达(sh603088) 上海天洋(sh603330) 惠发股份(sh603536) 三变科技(sz002112) 黄山胶囊(sz002817) 安利股份(sz300218) 海波重科(sz300517) 三超新材(sz300554) 怡达股份(sz300721) ,2019-3-29,TRUE,-0.064966248,0.010554342
2019-5-6,2019-5-31,美思德(sh603041) 宁波精达(sh603088) 上海天洋(sh603330) 惠发股份(sh603536) 三变科技(sz002112) 黄山胶囊(sz002817) 安利股份(sz300218) 海波重科(sz300517) 三超新材(sz300554) 怡达股份(sz300721) ,博闻科技(sh600883) 上海天洋(sh603330) 惠发股份(sh603536) 南卫股份(sh603880) 黄山胶囊(sz002817) 安利股份(sz300218) 三超新材(sz300554) 博士眼镜(sz300622) 太龙照明(sz300650) 华信新材(sz300717) ,2019-4-30,TRUE,0.030843405,-0.072426473
2019-6-3,2019-6-28,博闻科技(sh600883) 上海天洋(sh603330) 惠发股份(sh603536) 南卫股份(sh603880) 黄山胶囊(sz002817) 安利股份(sz300218) 三超新材(sz300554) 博士眼镜(sz300622) 太龙照明(sz300650) 华信新材(sz300717) ,凤竹纺织(sh600493) 上海天洋(sh603330) 南卫股份(sh603880) 正虹科技(sz000702) 联诚精密(sz002921) 金刚玻璃(sz300093) 迪威迅(sz300167) 安利股份(sz300218) 三超新材(sz300554) 太龙照明(sz300650) ,2019-5-31,TRUE,0.027966389,0.053942515
2019-7-1,2019-7-31,凤竹纺织(sh600493) 上海天洋(sh603330) 南卫股份(sh603880) 正虹科技(sz000702) 联诚精密(sz002921) 金刚玻璃(sz300093) 迪威迅(sz300167) 安利股份(sz300218) 三超新材(sz300554) 太龙照明(sz300650) ,凤竹纺织(sh600493) 上海天洋(sh603330) 正虹科技(sz000702) 深南股份(sz002417) 黄山胶囊(sz002817) 联诚精密(sz002921) 金刚玻璃(sz300093) 安利股份(sz300218) 美力科技(sz300611) 怡达股份(sz300721) ,2019-6-28,TRUE,0.009148012,0.002553854
2019-8-1,2019-8-30,凤竹纺织(sh600493) 上海天洋(sh603330) 正虹科技(sz000702) 深南股份(sz002417) 黄山胶囊(sz002817) 联诚精密(sz002921) 金刚玻璃(sz300093) 安利股份(sz300218) 美力科技(sz300611) 怡达股份(sz300721) ,凤竹纺织(sh600493) 宁波富邦(sh600768) 美思德(sh603041) 南卫股份(sh603880) 凤形股份(sz002760) 英派斯(sz002899) 锐奇股份(sz300126) 梅安森(sz300275) 三超新材(sz300554) 金太阳(sz300606) ,2019-7-31,TRUE,0.025028036,-0.009326374
2019-9-2,2019-9-30,凤竹纺织(sh600493) 宁波富邦(sh600768) 美思德(sh603041) 南卫股份(sh603880) 凤形股份(sz002760) 英派斯(sz002899) 锐奇股份(sz300126) 梅安森(sz300275) 三超新材(sz300554) 金太阳(sz300606) ,凤竹纺织(sh600493) 上海天洋(sh603330) 天安新材(sh603725) 南卫股份(sh603880) 黄山胶囊(sz002817) 锐奇股份(sz300126) 安利股份(sz300218) 横河模具(sz300539) 盛弘股份(sz300693) 怡达股份(sz300721) ,2019-8-30,TRUE,0.035812759,0.003932003
2019-10-8,2019-10-31,凤竹纺织(sh600493) 上海天洋(sh603330) 天安新材(sh603725) 南卫股份(sh603880) 黄山胶囊(sz002817) 锐奇股份(sz300126) 安利股份(sz300218) 横河模具(sz300539) 盛弘股份(sz300693) 怡达股份(sz300721) ,凤竹纺织(sh600493) 天目药业(sh600671) 博闻科技(sh600883) 上海亚虹(sh603159) 上海天洋(sh603330) 天安新材(sh603725) 长城影视(sz002071) 西部牧业(sz300106) 三超新材(sz300554) 美力科技(sz300611) ,2019-9-30,TRUE,0.019212645,0.01893287
2019-11-1,2019-11-29,凤竹纺织(sh600493) 天目药业(sh600671) 博闻科技(sh600883) 上海亚虹(sh603159) 上海天洋(sh603330) 天安新材(sh603725) 长城影视(sz002071) 西部牧业(sz300106) 三超新材(sz300554) 美力科技(sz300611) ,凤竹纺织(sh600493) 天目药业(sh600671) 博闻科技(sh600883) 上海亚虹(sh603159) 上海天洋(sh603330) 长城影视(sz002071) 华虹计通(sz300330) 横河模具(sz300539) 三超新材(sz300554) 华瑞股份(sz300626) ,2019-10-31,TRUE,-0.055237543,-0.014943076
2019-12-2,2019-12-31,凤竹纺织(sh600493) 天目药业(sh600671) 博闻科技(sh600883) 上海亚虹(sh603159) 上海天洋(sh603330) 长城影视(sz002071) 华虹计通(sz300330) 横河模具(sz300539) 三超新材(sz300554) 华瑞股份(sz300626) ,凤竹纺织(sh600493) 上海亚虹(sh603159) 上海天洋(sh603330) 通达动力(sz002576) 迪威迅(sz300167) 华虹计通(sz300330) 横河模具(sz300539) 三超新材(sz300554) 华瑞股份(sz300626) 怡达股份(sz300721) ,2019-11-29,TRUE,0.103524822,0.069974691
2020-1-2,2020-1-23,凤竹纺织(sh600493) 上海亚虹(sh603159) 上海天洋(sh603330) 通达动力(sz002576) 迪威迅(sz300167) 华虹计通(sz300330) 横河模具(sz300539) 三超新材(sz300554) 华瑞股份(sz300626) 怡达股份(sz300721) ,凤竹纺织(sh600493) 天目药业(sh600671) 上海亚虹(sh603159) 日盈电子(sh603286) 长城影视(sz002071) 通达动力(sz002576) 文化长城(sz300089) 力星股份(sz300421) 横河模具(sz300539) 华瑞股份(sz300626) ,2019-12-31,TRUE,-0.015854459,-0.02262375
2020-2-3,2020-2-28,凤竹纺织(sh600493) 天目药业(sh600671) 上海亚虹(sh603159) 日盈电子(sh603286) 长城影视(sz002071) 通达动力(sz002576) 文化长城(sz300089) 力星股份(sz300421) 横河模具(sz300539) 华瑞股份(sz300626) ,凤竹纺织(sh600493) 天目药业(sh600671) 日盈电子(sh603286) 晶华新材(sh603683) 长城影视(sz002071) 通达动力(sz002576) 英派斯(sz002899) 文化长城(sz300089) 力星股份(sz300421) 华瑞股份(sz300626) ,2020-1-23,TRUE,0.04036734,-0.015946952
2020-3-2,2020-3-31,凤竹纺织(sh600493) 天目药业(sh600671) 日盈电子(sh603286) 晶华新材(sh603683) 长城影视(sz002071) 通达动力(sz002576) 英派斯(sz002899) 文化长城(sz300089) 力星股份(sz300421) 华瑞股份(sz300626) ,国机通用(sh600444) 凤竹纺织(sh600493) 上海亚虹(sh603159) 晶华新材(sh603683) 联诚精密(sz002921) 文化长城(sz300089) 同大股份(sz300321) 华虹计通(sz300330) 力星股份(sz300421) 美力科技(sz300611) ,2020-2-28,TRUE,-0.013126805,-0.064438269
2020-4-1,2020-4-30,国机通用(sh600444) 凤竹纺织(sh600493) 上海亚虹(sh603159) 晶华新材(sh603683) 联诚精密(sz002921) 文化长城(sz300089) 同大股份(sz300321) 华虹计通(sz300330) 力星股份(sz300421) 美力科技(sz300611) ,通葡股份(sh600365) 凤竹纺织(sh600493) 天目药业(sh600671) 上海亚虹(sh603159) 天安新材(sh603725) 正虹科技(sz000702) 通达动力(sz002576) 天山生物(sz300313) 美力科技(sz300611) 怡达股份(sz300721) ,2020-3-31,TRUE,-0.000305648,0.061424355
2020-5-6,2020-5-29,通葡股份(sh600365) 凤竹纺织(sh600493) 天目药业(sh600671) 上海亚虹(sh603159) 天安新材(sh603725) 正虹科技(sz000702) 通达动力(sz002576) 天山生物(sz300313) 美力科技(sz300611) 怡达股份(sz300721) ,日盈电子(sh603286) 晶华新材(sh603683) 天安新材(sh603725) 通达动力(sz002576) 安利股份(sz300218) 优德精密(sz300549) 三超新材(sz300554) 美力科技(sz300611) 怡达股份(sz300721) 天地数码(sz300743) ,2020-4-30,TRUE,0.039832993,-0.01164449
2020-6-1,2020-6-30,日盈电子(sh603286) 晶华新材(sh603683) 天安新材(sh603725) 通达动力(sz002576) 安利股份(sz300218) 优德精密(sz300549) 三超新材(sz300554) 美力科技(sz300611) 怡达股份(sz300721) 天地数码(sz300743) ,贵绳股份(sh600992) 宏盛股份(sh603090) 日盈电子(sh603286) 晶华新材(sh603683) 天安新材(sh603725) 正虹科技(sz000702) 英派斯(sz002899) 科融环境(sz300152) 天山生物(sz300313) 优德精密(sz300549) ,2020-5-29,TRUE,0.075697065,0.076787811
2020-7-1,2020-7-31,贵绳股份(sh600992) 宏盛股份(sh603090) 日盈电子(sh603286) 晶华新材(sh603683) 天安新材(sh603725) 正虹科技(sz000702) 英派斯(sz002899) 科融环境(sz300152) 天山生物(sz300313) 优德精密(sz300549) ,贵绳股份(sh600992) 上海亚虹(sh603159) 晶华新材(sh603683) 天安新材(sh603725) 中能电气(sz300062) 西部牧业(sz300106) 天山生物(sz300313) 优德精密(sz300549) 华瑞股份(sz300626) 天地数码(sz300743) ,2020-6-30,TRUE,0.120856438,0.127544453
2020-8-3,2020-8-31,贵绳股份(sh600992) 上海亚虹(sh603159) 晶华新材(sh603683) 天安新材(sh603725) 中能电气(sz300062) 西部牧业(sz300106) 天山生物(sz300313) 优德精密(sz300549) 华瑞股份(sz300626) 天地数码(sz300743) ,钱江生化(sh600796) 宏盛股份(sh603090) 牧高笛(sh603908) 三变科技(sz002112) 顾地科技(sz002694) 天顺股份(sz002800) 新宏泽(sz002836) 泰嘉股份(sz002843) 横河模具(sz300539) 天地数码(sz300743) ,2020-7-31,TRUE,0.350985945,0.025808032
2020-9-1,2020-9-30,钱江生化(sh600796) 宏盛股份(sh603090) 牧高笛(sh603908) 三变科技(sz002112) 顾地科技(sz002694) 天顺股份(sz002800) 新宏泽(sz002836) 泰嘉股份(sz002843) 横河模具(sz300539) 天地数码(sz300743) ,上海亚虹(sh603159) 日播时尚(sh603196) 迪贝电气(sh603320) 天安新材(sh603725) 牧高笛(sh603908) 泰嘉股份(sz002843) 联诚精密(sz002921) 迪威迅(sz300167) 金银河(sz300619) 华瑞股份(sz300626) ,2020-8-31,TRUE,-0.058060712,-0.047510288
2020-10-9,2020-10-30,上海亚虹(sh603159) 日播时尚(sh603196) 迪贝电气(sh603320) 天安新材(sh603725) 牧高笛(sh603908) 泰嘉股份(sz002843) 联诚精密(sz002921) 迪威迅(sz300167) 金银河(sz300619) 华瑞股份(sz300626) ,上海亚虹(sh603159) 天安新材(sh603725) 大理药业(sh603963) 东晶电子(sz002199) 顾地科技(sz002694) 泰嘉股份(sz002843) 三晖电气(sz002857) 钧达股份(sz002865) 迪威迅(sz300167) 飞鹿股份(sz300665) ,2020-9-30,TRUE,0.057755013,0.023527488
2020-11-2,2020-11-30,上海亚虹(sh603159) 天安新材(sh603725) 大理药业(sh603963) 东晶电子(sz002199) 顾地科技(sz002694) 泰嘉股份(sz002843) 三晖电气(sz002857) 钧达股份(sz002865) 迪威迅(sz300167) 飞鹿股份(sz300665) ,宜宾纸业(sh600793) 宏盛股份(sh603090) 日盈电子(sh603286) 晶华新材(sh603683) 天安新材(sh603725) 东晶电子(sz002199) 顾地科技(sz002694) 泰嘉股份(sz002843) 弘宇股份(sz002890) 英派斯(sz002899) ,2020-10-30,TRUE,0.075234973,0.056422019
2020-12-1,2020-12-31,宜宾纸业(sh600793) 宏盛股份(sh603090) 日盈电子(sh603286) 晶华新材(sh603683) 天安新材(sh603725) 东晶电子(sz002199) 顾地科技(sz002694) 泰嘉股份(sz002843) 弘宇股份(sz002890) 英派斯(sz002899) ,宏盛股份(sh603090) 上海亚虹(sh603159) 晶华新材(sh603683) 天安新材(sh603725) 顾地科技(sz002694) 弘宇股份(sz002890) 英派斯(sz002899) 联诚精密(sz002921) 迪威迅(sz300167) 华瑞股份(sz300626) ,2020-11-30,TRUE,-0.09759245,0.050610352
2021-1-4,2021-1-29,宏盛股份(sh603090) 上海亚虹(sh603159) 晶华新材(sh603683) 天安新材(sh603725) 顾地科技(sz002694) 弘宇股份(sz002890) 英派斯(sz002899) 联诚精密(sz002921) 迪威迅(sz300167) 华瑞股份(sz300626) ,上海亚虹(sh603159) 翔港科技(sh603499) 东晶电子(sz002199) 恒大高新(sz002591) 顾地科技(sz002694) 弘宇股份(sz002890) 英派斯(sz002899) 三盛教育(sz300282) 金银河(sz300619) 华瑞股份(sz300626) ,2020-12-31,TRUE,-0.105535207,0.026993316
2021-2-1,2021-2-26,上海亚虹(sh603159) 翔港科技(sh603499) 东晶电子(sz002199) 恒大高新(sz002591) 顾地科技(sz002694) 弘宇股份(sz002890) 英派斯(sz002899) 三盛教育(sz300282) 金银河(sz300619) 华瑞股份(sz300626) ,华升股份(sh600156) 贵绳股份(sh600992) 东晶电子(sz002199) 顾地科技(sz002694) 伟隆股份(sz002871) 弘宇股份(sz002890) 联诚精密(sz002921) 三盛教育(sz300282) 金银河(sz300619) 华瑞股份(sz300626) ,2021-1-29,TRUE,0.076951249,-0.002840081
2021-3-1,2021-3-31,华升股份(sh600156) 贵绳股份(sh600992) 东晶电子(sz002199) 顾地科技(sz002694) 伟隆股份(sz002871) 弘宇股份(sz002890) 联诚精密(sz002921) 三盛教育(sz300282) 金银河(sz300619) 华瑞股份(sz300626) ,中公高科(sh603860) 顾地科技(sz002694) 华锋股份(sz002806) 英派斯(sz002899) 华星创业(sz300025) 三盛教育(sz300282) 三超新材(sz300554) 金银河(sz300619) 华瑞股份(sz300626) 飞鹿股份(sz300665) ,2021-2-26,TRUE,0.035628633,-0.054040279
2021-4-1,2021-4-30,中公高科(sh603860) 顾地科技(sz002694) 华锋股份(sz002806) 英派斯(sz002899) 华星创业(sz300025) 三盛教育(sz300282) 三超新材(sz300554) 金银河(sz300619) 华瑞股份(sz300626) 飞鹿股份(sz300665) ,钱江生化(sh600796) 日播时尚(sh603196) 汇源通信(sz000586) 大连友谊(sz000679) 泰嘉股份(sz002843) 英派斯(sz002899) 梅安森(sz300275) 光一科技(sz300356) 美力科技(sz300611) 世纪天鸿(sz300654) ,2021-3-31,TRUE,0.009422908,0.014882061
2021-5-6,2021-5-31,钱江生化(sh600796) 日播时尚(sh603196) 汇源通信(sz000586) 大连友谊(sz000679) 泰嘉股份(sz002843) 英派斯(sz002899) 梅安森(sz300275) 光一科技(sz300356) 美力科技(sz300611) 世纪天鸿(sz300654) ,钱江生化(sh600796) 凯众股份(sh603037) 伟隆股份(sz002871) 英派斯(sz002899) 联诚精密(sz002921) 华虹计通(sz300330) 三超新材(sz300554) 金银河(sz300619) 华瑞股份(sz300626) 世纪天鸿(sz300654) ,2021-4-30,TRUE,0.040335967,0.040612942
2021-6-1,2021-6-30,钱江生化(sh600796) 凯众股份(sh603037) 伟隆股份(sz002871) 英派斯(sz002899) 联诚精密(sz002921) 华虹计通(sz300330) 三超新材(sz300554) 金银河(sz300619) 华瑞股份(sz300626) 世纪天鸿(sz300654) ,钱江生化(sh600796) 绿康生化(sz002868) 伟隆股份(sz002871) 弘宇股份(sz002890) 英派斯(sz002899) 联诚精密(sz002921) 迪威迅(sz300167) 横河精密(sz300539) 华瑞股份(sz300626) 世纪天鸿(sz300654) ,2021-5-31,TRUE,0.073733385,-0.020168543
2021-7-1,2021-7-30,钱江生化(sh600796) 绿康生化(sz002868) 伟隆股份(sz002871) 弘宇股份(sz002890) 英派斯(sz002899) 联诚精密(sz002921) 迪威迅(sz300167) 横河精密(sz300539) 华瑞股份(sz300626) 世纪天鸿(sz300654) ,钱江生化(sh600796) 凯众股份(sh603037) 宏盛股份(sh603090) 惠发食品(sh603536) 汇源通信(sz000586) 赛隆药业(sz002898) 英派斯(sz002899) 联诚精密(sz002921) 三超新材(sz300554) 世纪天鸿(sz300654) ,2021-6-30,TRUE,0.005701927,-0.079032703
2021-8-2,2021-8-31,钱江生化(sh600796) 凯众股份(sh603037) 宏盛股份(sh603090) 惠发食品(sh603536) 汇源通信(sz000586) 赛隆药业(sz002898) 英派斯(sz002899) 联诚精密(sz002921) 三超新材(sz300554) 世纪天鸿(sz300654) ,哈空调(sh600202) 狮头股份(sh600539) 宏盛股份(sh603090) 日盈电子(sh603286) 瑞晟智能(sh688215) 汇源通信(sz000586) 绿康生化(sz002868) 安奈儿(sz002875) 赛隆药业(sz002898) 飞鹿股份(sz300665) ,2021-7-30,TRUE,0.083777732,-0.001155644
2021-9-1,2021-10-8,哈空调(sh600202) 狮头股份(sh600539) 宏盛股份(sh603090) 日盈电子(sh603286) 瑞晟智能(sh688215) 汇源通信(sz000586) 绿康生化(sz002868) 安奈儿(sz002875) 赛隆药业(sz002898) 飞鹿股份(sz300665) ,狮头股份(sh600539) 宏盛股份(sh603090) 绿康生化(sz002868) 安奈儿(sz002875) 赛隆药业(sz002898) 华虹计通(sz300330) 横河精密(sz300539) 三超新材(sz300554) 美力科技(sz300611) 飞鹿股份(sz300665) ,2021-8-31,TRUE,-0.005226282,0.025871846
2021-10-11,2021-10-29,狮头股份(sh600539) 宏盛股份(sh603090) 绿康生化(sz002868) 安奈儿(sz002875) 赛隆药业(sz002898) 华虹计通(sz300330) 横河精密(sz300539) 三超新材(sz300554) 美力科技(sz300611) 飞鹿股份(sz300665) ,天安新材(sh603725) 力源科技(sh688565) 绿康生化(sz002868) 安奈儿(sz002875) 弘宇股份(sz002890) 联诚精密(sz002921) 华虹计通(sz300330) 横河精密(sz300539) 飞鹿股份(sz300665) 惠城环保(sz300779) ,2021-10-8,TRUE,-0.069576231,-0.00429417
2021-11-1,2021-11-30,天安新材(sh603725) 力源科技(sh688565) 绿康生化(sz002868) 安奈儿(sz002875) 弘宇股份(sz002890) 联诚精密(sz002921) 华虹计通(sz300330) 横河精密(sz300539) 飞鹿股份(sz300665) 惠城环保(sz300779) ,哈空调(sh600202) 国机通用(sh600444) 空港股份(sh600463) 凤竹纺织(sh600493) 汇源通信(sz000586) 跃岭股份(sz002725) 绿康生化(sz002868) 赛隆药业(sz002898) 华虹计通(sz300330) 飞鹿股份(sz300665) ,2021-10-29,TRUE,0.132620683,-0.015633244
2021-12-1,2021-12-31,哈空调(sh600202) 国机通用(sh600444) 空港股份(sh600463) 凤竹纺织(sh600493) 汇源通信(sz000586) 跃岭股份(sz002725) 绿康生化(sz002868) 赛隆药业(sz002898) 华虹计通(sz300330) 飞鹿股份(sz300665) ,凤竹纺织(sh600493) 日盈电子(sh603286) 汇源通信(sz000586) 实丰文化(sz002862) 绿康生化(sz002868) 弘宇股份(sz002890) 华虹计通(sz300330) 横河精密(sz300539) 飞鹿股份(sz300665) 惠城环保(sz300779) ,2021-11-30,TRUE,0.203048125,0.022421218
2022-1-4,2022-1-28,凤竹纺织(sh600493) 日盈电子(sh603286) 汇源通信(sz000586) 实丰文化(sz002862) 绿康生化(sz002868) 弘宇股份(sz002890) 华虹计通(sz300330) 横河精密(sz300539) 飞鹿股份(sz300665) 惠城环保(sz300779) ,日盈电子(sh603286) 汇源通信(sz000586) 实丰文化(sz002862) 绿康生化(sz002868) 迪威迅(sz300167) 华虹计通(sz300330) 华瑞股份(sz300626) 飞鹿股份(sz300665) 惠城环保(sz300779) 锦盛新材(sz300849) ,2021-12-31,TRUE,-0.074183904,-0.076229108
2022-2-7,2022-2-28,日盈电子(sh603286) 汇源通信(sz000586) 实丰文化(sz002862) 绿康生化(sz002868) 迪威迅(sz300167) 华虹计通(sz300330) 华瑞股份(sz300626) 飞鹿股份(sz300665) 惠城环保(sz300779) 锦盛新材(sz300849) ,凤竹纺织(sh600493) 南卫股份(sh603880) 汇源通信(sz000586) 东晶电子(sz002199) 禾盛新材(sz002290) 绿康生化(sz002868) 华瑞股份(sz300626) 创源股份(sz300703) 顶固集创(sz300749) 锦盛新材(sz300849) ,2022-1-28,TRUE,0.063891201,0.003917814
2022-3-1,2022-3-31,凤竹纺织(sh600493) 南卫股份(sh603880) 汇源通信(sz000586) 东晶电子(sz002199) 禾盛新材(sz002290) 绿康生化(sz002868) 华瑞股份(sz300626) 创源股份(sz300703) 顶固集创(sz300749) 锦盛新材(sz300849) ,凤竹纺织(sh600493) 中公高科(sh603860) 爱威科技(sh688067) 西力科技(sh688616) 元琛科技(sh688659) 科汇股份(sh688681) 禾盛新材(sz002290) 美力科技(sz300611) 华瑞股份(sz300626) 锦盛新材(sz300849) ,2022-2-28,TRUE,0.011201076,-0.078366964
2022-4-1,2022-4-29,凤竹纺织(sh600493) 中公高科(sh603860) 爱威科技(sh688067) 西力科技(sh688616) 元琛科技(sh688659) 科汇股份(sh688681) 禾盛新材(sz002290) 美力科技(sz300611) 华瑞股份(sz300626) 锦盛新材(sz300849) ,山东华鹏(sh603021) 华菱精工(sh603356) 西力科技(sh688616) 汇源通信(sz000586) 兰州黄河(sz000929) 宇顺电子(sz002289) 恒大高新(sz002591) 登云股份(sz002715) 华瑞股份(sz300626) 创源股份(sz300703) ,2022-3-31,TRUE,-0.151811454,-0.048870364
2022-5-5,2022-5-31,山东华鹏(sh603021) 华菱精工(sh603356) 西力科技(sh688616) 汇源通信(sz000586) 兰州黄河(sz000929) 宇顺电子(sz002289) 恒大高新(sz002591) 登云股份(sz002715) 华瑞股份(sz300626) 创源股份(sz300703) ,凤竹纺织(sh600493) 翔港科技(sh603499) 正弦电气(sh688395) 元琛科技(sh688659) 汇源通信(sz000586) 恒大高新(sz002591) 贝肯能源(sz002828) 华瑞股份(sz300626) 天地数码(sz300743) 顶固集创(sz300749) ,2022-4-29,TRUE,0.163233945,0.0187439
2022-6-1,2022-6-30,凤竹纺织(sh600493) 翔港科技(sh603499) 正弦电气(sh688395) 元琛科技(sh688659) 汇源通信(sz000586) 恒大高新(sz002591) 贝肯能源(sz002828) 华瑞股份(sz300626) 天地数码(sz300743) 顶固集创(sz300749) ,凤竹纺织(sh600493) 日播时尚(sh603196) 翔港科技(sh603499) 元琛科技(sh688659) 汇源通信(sz000586) 恒大高新(sz002591) 弘宇股份(sz002890) 三超新材(sz300554) 天地数码(sz300743) 顶固集创(sz300749) ,2022-5-31,TRUE,0.04905769,0.096172083
2022-7-1,2022-7-29,凤竹纺织(sh600493) 日播时尚(sh603196) 翔港科技(sh603499) 元琛科技(sh688659) 汇源通信(sz000586) 恒大高新(sz002591) 弘宇股份(sz002890) 三超新材(sz300554) 天地数码(sz300743) 顶固集创(sz300749) ,日播时尚(sh603196) 翔港科技(sh603499) 华光新材(sh688379) 科汇股份(sh688681) 汇源通信(sz000586) 正虹科技(sz000702) 中晟高科(sz002778) 瀛通通讯(sz002861) 弘宇股份(sz002890) 天地数码(sz300743) ,2022-6-30,TRUE,0.186004227,-0.07021389
2022-8-1,2022-8-31,日播时尚(sh603196) 翔港科技(sh603499) 华光新材(sh688379) 科汇股份(sh688681) 汇源通信(sz000586) 正虹科技(sz000702) 中晟高科(sz002778) 瀛通通讯(sz002861) 弘宇股份(sz002890) 天地数码(sz300743) ,凤竹纺织(sh600493) 日播时尚(sh603196) 翔港科技(sh603499) 华体科技(sh603679) 科汇股份(sh688681) 汇源通信(sz000586) 中晟高科(sz002778) 贝肯能源(sz002828) 华瑞股份(sz300626) 顶固集创(sz300749) ,2022-7-29,TRUE,0.006875717,-0.021884367
2022-9-1,2022-9-30,凤竹纺织(sh600493) 日播时尚(sh603196) 翔港科技(sh603499) 华体科技(sh603679) 科汇股份(sh688681) 汇源通信(sz000586) 中晟高科(sz002778) 贝肯能源(sz002828) 华瑞股份(sz300626) 顶固集创(sz300749) ,日盈电子(sh603286) 华体科技(sh603679) 科汇股份(sh688681) 汇源通信(sz000586) 双枪科技(sz001211) 英派斯(sz002899) 南京聚隆(sz300644) 顶固集创(sz300749) 凯龙高科(sz300912) 开勒股份(sz301070) ,2022-8-31,TRUE,-0.070457978,-0.067163703
2022-10-10,2022-10-31,日盈电子(sh603286) 华体科技(sh603679) 科汇股份(sh688681) 汇源通信(sz000586) 双枪科技(sz001211) 英派斯(sz002899) 南京聚隆(sz300644) 顶固集创(sz300749) 凯龙高科(sz300912) 开勒股份(sz301070) ,狮头股份(sh600539) 金科环境(sh688466) 力源科技(sh688565) 科汇股份(sh688681) 深天地Ａ(sz000023) 实丰文化(sz002862) 英派斯(sz002899) 顶固集创(sz300749) 惠城环保(sz300779) 开勒股份(sz301070) ,2022-9-30,TRUE,0.038885333,-0.077844563
2022-11-1,2022-11-30,狮头股份(sh600539) 金科环境(sh688466) 力源科技(sh688565) 科汇股份(sh688681) 深天地Ａ(sz000023) 实丰文化(sz002862) 英派斯(sz002899) 顶固集创(sz300749) 惠城环保(sz300779) 开勒股份(sz301070) ,翔港科技(sh603499) 深科达(sh688328) 正弦电气(sh688395) 金科环境(sh688466) 力源科技(sh688565) 双枪科技(sz001211) 南京聚隆(sz300644) 顶固集创(sz300749) 开勒股份(sz301070) 邵阳液压(sz301079) ,2022-10-31,TRUE,0.140776076,0.098138912
2022-12-1,2022-12-30,翔港科技(sh603499) 深科达(sh688328) 正弦电气(sh688395) 金科环境(sh688466) 力源科技(sh688565) 双枪科技(sz001211) 南京聚隆(sz300644) 顶固集创(sz300749) 开勒股份(sz301070) 邵阳液压(sz301079) ,狮头股份(sh600539) 翔港科技(sh603499) 金科环境(sh688466) 高斯贝尔(sz002848) 英派斯(sz002899) 南京聚隆(sz300644) 顶固集创(sz300749) 润阳科技(sz300920) 开勒股份(sz301070) 邵阳液压(sz301079) ,2022-11-30,TRUE,-0.075867799,0.004824762
2023-1-3,2023-1-31,狮头股份(sh600539) 翔港科技(sh603499) 金科环境(sh688466) 高斯贝尔(sz002848) 英派斯(sz002899) 南京聚隆(sz300644) 顶固集创(sz300749) 润阳科技(sz300920) 开勒股份(sz301070) 邵阳液压(sz301079) ,凤竹纺织(sh600493) 晨丰科技(sh603685) 天臣医疗(sh688013) 金科环境(sh688466) 深天地Ａ(sz000023) 双枪科技(sz001211) 南京聚隆(sz300644) 顶固集创(sz300749) 凯淳股份(sz301001) 开勒股份(sz301070) ,2022-12-30,TRUE,0.159121598,0.073671813
2023-2-1,2023-2-28,凤竹纺织(sh600493) 晨丰科技(sh603685) 天臣医疗(sh688013) 金科环境(sh688466) 深天地Ａ(sz000023) 双枪科技(sz001211) 南京聚隆(sz300644) 顶固集创(sz300749) 凯淳股份(sz301001) 开勒股份(sz301070) ,凤竹纺织(sh600493) 有方科技(sh688159) 科汇股份(sh688681) 弘宇股份(sz002890) 英派斯(sz002899) 金运激光(sz300220) 南京聚隆(sz300644) 顶固集创(sz300749) 金沃股份(sz300984) 果麦文化(sz301052) ,2023-1-31,TRUE,0.079534562,-0.021025486
2023-3-1,2023-3-31,凤竹纺织(sh600493) 有方科技(sh688159) 科汇股份(sh688681) 弘宇股份(sz002890) 英派斯(sz002899) 金运激光(sz300220) 南京聚隆(sz300644) 顶固集创(sz300749) 金沃股份(sz300984) 果麦文化(sz301052) ,正弦电气(sh688395) 科汇股份(sh688681) 弘宇股份(sz002890) 英派斯(sz002899) 金运激光(sz300220) 顶固集创(sz300749) 锦盛新材(sz300849) 润阳科技(sz300920) 金沃股份(sz300984) 腾亚精工(sz301125) ,2023-2-28,TRUE,0.014049089,-0.00455343
2023-4-3,2023-4-28,正弦电气(sh688395) 科汇股份(sh688681) 弘宇股份(sz002890) 英派斯(sz002899) 金运激光(sz300220) 顶固集创(sz300749) 锦盛新材(sz300849) 润阳科技(sz300920) 金沃股份(sz300984) 腾亚精工(sz301125) ,精伦电子(sh600355) 中科通达(sh688038) 科汇股份(sh688681) 双枪科技(sz001211) 贝肯能源(sz002828) 瀛通通讯(sz002861) 弘宇股份(sz002890) 顶固集创(sz300749) 锦盛新材(sz300849) 中兰环保(sz300854) ,2023-3-31,TRUE,-0.060641041,-0.005391355
2023-5-4,2023-5-31,精伦电子(sh600355) 中科通达(sh688038) 科汇股份(sh688681) 双枪科技(sz001211) 贝肯能源(sz002828) 瀛通通讯(sz002861) 弘宇股份(sz002890) 顶固集创(sz300749) 锦盛新材(sz300849) 中兰环保(sz300854) ,丰华股份(sh600615) 南京化纤(sh600889) 山东华鹏(sh603021) 华立股份(sh603038) 康惠制药(sh603139) 东来技术(sh688129) 贝肯能源(sz002828) 英派斯(sz002899) 顶固集创(sz300749) 锦盛新材(sz300849) ,2023-4-28,TRUE,0.05066826,-0.057221358
2023-6-1,2023-6-30,丰华股份(sh600615) 南京化纤(sh600889) 山东华鹏(sh603021) 华立股份(sh603038) 康惠制药(sh603139) 东来技术(sh688129) 贝肯能源(sz002828) 英派斯(sz002899) 顶固集创(sz300749) 锦盛新材(sz300849) ,浪莎股份(sh600137) 南京化纤(sh600889) 华立股份(sh603038) 日盈电子(sh603286) 东来技术(sh688129) 秦川物联(sh688528) 科汇股份(sh688681) 贝肯能源(sz002828) 英派斯(sz002899) 联建光电(sz300269) ,2023-5-31,TRUE,0.019985262,0.011559705
2023-7-3,2023-7-31,浪莎股份(sh600137) 南京化纤(sh600889) 华立股份(sh603038) 日盈电子(sh603286) 东来技术(sh688129) 秦川物联(sh688528) 科汇股份(sh688681) 贝肯能源(sz002828) 英派斯(sz002899) 联建光电(sz300269) ,浪莎股份(sh600137) 山东华鹏(sh603021) 康惠制药(sh603139) 东来技术(sh688129) 纬德信息(sh688171) 秦川物联(sh688528) 贝肯能源(sz002828) 南京聚隆(sz300644) 锦盛新材(sz300849) 聚赛龙(sz301131) ,2023-6-30,TRUE,0.019619131,0.044809952
2023-8-1,2023-8-31,浪莎股份(sh600137) 山东华鹏(sh603021) 康惠制药(sh603139) 东来技术(sh688129) 纬德信息(sh688171) 秦川物联(sh688528) 贝肯能源(sz002828) 南京聚隆(sz300644) 锦盛新材(sz300849) 聚赛龙(sz301131) ,南京化纤(sh600889) 山东华鹏(sh603021) 太和水(sh605081) 东来技术(sh688129) 秦川物联(sh688528) 贝肯能源(sz002828) 弘宇股份(sz002890) 扬帆新材(sz300637) 润阳科技(sz300920) 聚赛龙(sz301131) ,2023-7-31,TRUE,0.003268947,-0.062112822
2023-9-1,2023-9-26,南京化纤(sh600889) 山东华鹏(sh603021) 太和水(sh605081) 东来技术(sh688129) 秦川物联(sh688528) 贝肯能源(sz002828) 弘宇股份(sz002890) 扬帆新材(sz300637) 润阳科技(sz300920) 聚赛龙(sz301131) ,南京化纤(sh600889) 山东华鹏(sh603021) 日盈电子(sh603286) 东来技术(sh688129) 秦川物联(sh688528) 弘宇股份(sz002890) 华瑞股份(sz300626) 锦盛新材(sz300849) 奇德新材(sz300995) 金埔园林(sz301098) ,2023-8-31,TRUE,0.046513133,-0.019223057
